book_id,ISBN,book_title,author,publisher,book_price,department,subject_year,subject_number,edition_number
BK001,978-1-08-191030-3,CSE Y1 S1 E1,George Glover,Bush-Gilbert,657,CSE,Y1,S1,E1
BK002,978-1-80963-694-2,CSE Y1 S1 E2,Blake Guzman,"Ramos, Matthews and Ross",670,CSE,Y1,S1,E2
BK003,978-0-7051-2742-4,CSE Y1 S1 E3,Andrew Day,"Perez, Nelson and Crawford",684,CSE,Y1,S1,E3
BK004,978-0-89443-174-6,CSE Y1 S1 E4,David Ellis,"Page, Carter and Castillo",550,CSE,Y1,S1,E4
BK005,978-1-4994-4124-6,CSE Y1 S2 E1,Ryan Mitchell,"Byrd, Marquez and Moore",643,CSE,Y1,S2,E1
BK006,978-0-7418-2099-0,CSE Y1 S2 E2,Debbie Smith,Martin-Beck,964,CSE,Y1,S2,E2
BK007,978-0-7367-6463-6,CSE Y1 S2 E3,Dr. Lisa Hernandez,Vega-Jones,704,CSE,Y1,S2,E3
BK008,978-1-4388-1429-2,CSE Y1 S2 E4,Heather Payne,Anderson and Sons,851,CSE,Y1,S2,E4
BK009,978-1-04-560198-8,CSE Y1 S3 E1,Chelsea Farmer,Garcia LLC,899,CSE,Y1,S3,E1
BK010,978-0-615-46905-8,CSE Y1 S3 E2,Taylor Anderson,"Miller, Frye and Kelly",616,CSE,Y1,S3,E2
BK011,978-1-269-93772-6,CSE Y1 S3 E3,Joy Vang,"Garrison, Stout and Shaw",821,CSE,Y1,S3,E3
BK012,978-1-77380-701-0,CSE Y1 S3 E4,Tyler Collins,"Lynch, Johnson and Kerr",997,CSE,Y1,S3,E4
BK013,978-0-09-650364-7,CSE Y1 S4 E1,Maria Jackson,"Wood, Joseph and Gonzalez",890,CSE,Y1,S4,E1
BK014,978-0-8164-9761-4,CSE Y1 S4 E2,William Kirk,Raymond PLC,988,CSE,Y1,S4,E2
BK015,978-0-380-37848-7,CSE Y1 S4 E3,Michelle Glenn,"Thomas, Hawkins and Boyer",732,CSE,Y1,S4,E3
BK016,978-0-7992-2741-3,CSE Y1 S4 E4,Kent Martin,"Robinson, Sullivan and Sanchez",978,CSE,Y1,S4,E4
BK017,978-1-7324366-7-1,CSE Y1 S5 E1,Melissa Jenkins,"Gregory, Singleton and Hernandez",509,CSE,Y1,S5,E1
BK018,978-0-7869-7735-2,CSE Y1 S5 E2,Heather Phillips,"Mann, Odonnell and Herrera",513,CSE,Y1,S5,E2
BK019,978-1-66468-007-4,CSE Y1 S5 E3,Mark Mcbride,"Watson, Hernandez and Walker",723,CSE,Y1,S5,E3
BK020,978-1-298-74694-8,CSE Y1 S5 E4,Michael Kennedy,Cox-Gonzales,826,CSE,Y1,S5,E4
BK021,978-1-74904-486-9,CSE Y1 S6 E1,Stacie Robertson,Noble-Williams,913,CSE,Y1,S6,E1
BK022,978-0-10-366895-6,CSE Y1 S6 E2,Donald Burke,Salazar Inc,940,CSE,Y1,S6,E2
BK023,978-0-506-66342-8,CSE Y1 S6 E3,Lisa Ross,Garcia-Parker,880,CSE,Y1,S6,E3
BK024,978-0-9770488-1-6,CSE Y1 S6 E4,Bernard Medina,"Orr, Brown and Roach",999,CSE,Y1,S6,E4
BK025,978-1-4571-7467-4,CSE Y1 S7 E1,Steven Richards,Rose Ltd,867,CSE,Y1,S7,E1
BK026,978-1-5244-6510-0,CSE Y1 S7 E2,Anthony Hernandez,Mcconnell-White,885,CSE,Y1,S7,E2
BK027,978-0-12-467937-5,CSE Y1 S7 E3,Jessica Cantu,Patel-Johnson,879,CSE,Y1,S7,E3
BK028,978-1-949075-50-2,CSE Y1 S7 E4,Tracy Casey,Berg-Smith,885,CSE,Y1,S7,E4
BK029,978-1-197-46181-2,CSE Y1 S8 E1,Elizabeth Smith,Warner-Castro,736,CSE,Y1,S8,E1
BK030,978-1-65270-461-4,CSE Y1 S8 E2,Cindy Sanchez,Cooper Group,770,CSE,Y1,S8,E2
BK031,978-0-9998556-9-0,CSE Y1 S8 E3,Hayden Jackson,Harrison-Moody,694,CSE,Y1,S8,E3
BK032,978-0-18-724763-4,CSE Y1 S8 E4,Jon Gonzales,Castro LLC,707,CSE,Y1,S8,E4
BK033,978-0-86718-297-2,CSE Y1 S9 E1,Aaron Webb,Patton Inc,874,CSE,Y1,S9,E1
BK034,978-0-202-45430-6,CSE Y1 S9 E2,Ryan Taylor,Brown-Herrera,912,CSE,Y1,S9,E2
BK035,978-0-02-511889-8,CSE Y1 S9 E3,Daniel Banks,Edwards PLC,737,CSE,Y1,S9,E3
BK036,978-1-904671-56-5,CSE Y1 S9 E4,Morgan Douglas DDS,"Hall, Vasquez and Owens",556,CSE,Y1,S9,E4
BK037,978-1-186-88165-2,CSE Y1 S10 E1,Daniel Baird,Mckinney-Newton,638,CSE,Y1,S10,E1
BK038,978-1-9734-5280-5,CSE Y1 S10 E2,Thomas Wilkerson,Walters-Montgomery,969,CSE,Y1,S10,E2
BK039,978-1-5485-9928-7,CSE Y1 S10 E3,James Mcdaniel,Good-Norris,845,CSE,Y1,S10,E3
BK040,978-0-490-41501-0,CSE Y1 S10 E4,Jacob Hood,"Boyer, Kelly and Kelley",743,CSE,Y1,S10,E4
BK041,978-1-243-34468-7,CSE Y2 S1 E1,Andrea Frazier,Juarez PLC,865,CSE,Y2,S1,E1
BK042,978-1-74986-067-4,CSE Y2 S1 E2,Dylan Ochoa,Underwood-Ingram,919,CSE,Y2,S1,E2
BK043,978-1-181-28168-6,CSE Y2 S1 E3,Tammy Barr,Vance-Gilbert,570,CSE,Y2,S1,E3
BK044,978-1-81412-706-0,CSE Y2 S1 E4,Paula Beard,Gutierrez-Horn,968,CSE,Y2,S1,E4
BK045,978-1-70512-043-9,CSE Y2 S2 E1,Teresa Harrison,"Rowland, Jones and Nguyen",940,CSE,Y2,S2,E1
BK046,978-0-903169-73-8,CSE Y2 S2 E2,Amanda Harrell,"Paul, Hansen and Rosales",881,CSE,Y2,S2,E2
BK047,978-0-315-34343-6,CSE Y2 S2 E3,Brett Martin,Brock-Estrada,894,CSE,Y2,S2,E3
BK048,978-1-57735-898-5,CSE Y2 S2 E4,Adam Booth,Padilla-Johnson,601,CSE,Y2,S2,E4
BK049,978-1-01-233201-3,CSE Y2 S3 E1,Sean Gonzalez,Ruiz Ltd,855,CSE,Y2,S3,E1
BK050,978-0-16-183565-9,CSE Y2 S3 E2,Jean Rivas,"Acosta, Bailey and Nelson",981,CSE,Y2,S3,E2
BK051,978-1-84071-002-1,CSE Y2 S3 E3,Holly Heath,Reynolds PLC,547,CSE,Y2,S3,E3
BK052,978-0-231-05147-7,CSE Y2 S3 E4,James Gutierrez,Barton Ltd,563,CSE,Y2,S3,E4
BK053,978-1-358-57471-9,CSE Y2 S4 E1,Mr. Matthew Scott Jr.,"Norris, Martin and Franklin",842,CSE,Y2,S4,E1
BK054,978-1-919193-01-4,CSE Y2 S4 E2,Stephanie Nichols,Shaw and Sons,642,CSE,Y2,S4,E2
BK055,978-0-06-937453-3,CSE Y2 S4 E3,Robin Smith,Jackson-Russell,691,CSE,Y2,S4,E3
BK056,978-1-4767-6023-0,CSE Y2 S4 E4,Dr. Justin Williams Jr.,"Nichols, Robles and Weiss",946,CSE,Y2,S4,E4
BK057,978-0-7724-6814-7,CSE Y2 S5 E1,Phillip Leblanc,"Diaz, Smith and Wilson",856,CSE,Y2,S5,E1
BK058,978-1-4251-9860-2,CSE Y2 S5 E2,Billy Cruz,Zamora Ltd,747,CSE,Y2,S5,E2
BK059,978-0-15-226400-0,CSE Y2 S5 E3,Craig Mendez,Martin Inc,596,CSE,Y2,S5,E3
BK060,978-0-459-54783-7,CSE Y2 S5 E4,Maurice King,"Rowe, Case and Diaz",676,CSE,Y2,S5,E4
BK061,978-0-10-037209-2,CSE Y2 S6 E1,Eric Johnson,Smith LLC,640,CSE,Y2,S6,E1
BK062,978-1-4693-7648-6,CSE Y2 S6 E2,Donald Hicks,Schaefer-Arias,693,CSE,Y2,S6,E2
BK063,978-0-8158-9555-8,CSE Y2 S6 E3,Sara Schmidt,Carter Group,816,CSE,Y2,S6,E3
BK064,978-0-17-673900-3,CSE Y2 S6 E4,William Johnson,Stewart-Henry,821,CSE,Y2,S6,E4
BK065,978-1-63135-688-9,CSE Y2 S7 E1,Kaitlyn Wilcox,Larson-Shaffer,576,CSE,Y2,S7,E1
BK066,978-1-07-367292-9,CSE Y2 S7 E2,Diane Jordan,"Lewis, Chapman and Turner",589,CSE,Y2,S7,E2
BK067,978-0-932995-61-2,CSE Y2 S7 E3,Renee Nguyen,"Miller, Collins and Ruiz",851,CSE,Y2,S7,E3
BK068,978-1-192-53583-9,CSE Y2 S7 E4,Chris Fowler,Jones-Carter,774,CSE,Y2,S7,E4
BK069,978-0-12-245054-9,CSE Y2 S8 E1,Evan Mays,"Jones, Rivera and Todd",984,CSE,Y2,S8,E1
BK070,978-0-698-65857-8,CSE Y2 S8 E2,David Guerrero,King PLC,631,CSE,Y2,S8,E2
BK071,978-0-368-61986-1,CSE Y2 S8 E3,Kimberly Mercado,Howard-Holden,744,CSE,Y2,S8,E3
BK072,978-0-7154-2100-0,CSE Y2 S8 E4,Scott Nelson,"Sellers, Singleton and Terry",768,CSE,Y2,S8,E4
BK073,978-1-4043-4950-6,CSE Y2 S9 E1,Laura Zimmerman,Gonzalez PLC,987,CSE,Y2,S9,E1
BK074,978-1-64348-611-6,CSE Y2 S9 E2,Dylan Thompson,Smith and Sons,620,CSE,Y2,S9,E2
BK075,978-0-921787-53-2,CSE Y2 S9 E3,Amanda Warner,Jackson-Carter,951,CSE,Y2,S9,E3
BK076,978-0-925261-46-5,CSE Y2 S9 E4,Kristopher Huang,"Haynes, Smith and Jones",980,CSE,Y2,S9,E4
BK077,978-1-04-422344-0,CSE Y2 S10 E1,Michael Cervantes,Stone-Harris,774,CSE,Y2,S10,E1
BK078,978-0-948733-96-3,CSE Y2 S10 E2,Mary Davidson,Johnson-Berry,623,CSE,Y2,S10,E2
BK079,978-1-893689-31-2,CSE Y2 S10 E3,Dwayne Adams,"Salas, Black and Romero",595,CSE,Y2,S10,E3
BK080,978-1-4406-7794-6,CSE Y2 S10 E4,Brent Wright,"Evans, Armstrong and Tran",804,CSE,Y2,S10,E4
BK081,978-0-569-93024-6,CSE Y3 S1 E1,Shannon Smith,Sweeney Inc,566,CSE,Y3,S1,E1
BK082,978-0-7348-7734-5,CSE Y3 S1 E2,Jodi Rodriguez,Vargas and Sons,845,CSE,Y3,S1,E2
BK083,978-0-8207-9445-7,CSE Y3 S1 E3,Joshua Robertson,"Carpenter, Evans and Martin",827,CSE,Y3,S1,E3
BK084,978-1-375-37436-1,CSE Y3 S1 E4,Brianna Curry,Peterson-Sanchez,642,CSE,Y3,S1,E4
BK085,978-1-9746-0613-9,CSE Y3 S2 E1,Mark Carpenter,Fuentes Group,525,CSE,Y3,S2,E1
BK086,978-0-371-14107-6,CSE Y3 S2 E2,James Yang,Hartman PLC,695,CSE,Y3,S2,E2
BK087,978-1-77721-260-5,CSE Y3 S2 E3,Joseph Valencia,Cruz Ltd,818,CSE,Y3,S2,E3
BK088,978-0-14-862626-3,CSE Y3 S2 E4,Michael Booker,"Howard, Combs and Mata",703,CSE,Y3,S2,E4
BK089,978-0-268-06463-1,CSE Y3 S3 E1,Katelyn Gonzales,"Green, Riley and Smith",1000,CSE,Y3,S3,E1
BK090,978-1-62745-395-0,CSE Y3 S3 E2,Tammy Sanchez,Green Ltd,737,CSE,Y3,S3,E2
BK091,978-0-204-67363-7,CSE Y3 S3 E3,Gerald Gentry,Lewis Group,859,CSE,Y3,S3,E3
BK092,978-0-323-42583-4,CSE Y3 S3 E4,David Vaughan,Marquez-Hubbard,840,CSE,Y3,S3,E4
BK093,978-1-233-71184-0,CSE Y3 S4 E1,Felicia Thompson,"Williams, Becker and Taylor",919,CSE,Y3,S4,E1
BK094,978-1-275-28774-7,CSE Y3 S4 E2,Victoria Olson,"Frazier, Rodriguez and Collins",963,CSE,Y3,S4,E2
BK095,978-1-253-83559-5,CSE Y3 S4 E3,John Carpenter,Green Ltd,781,CSE,Y3,S4,E3
BK096,978-1-64952-838-4,CSE Y3 S4 E4,Eric Flores,Boyd-Valentine,908,CSE,Y3,S4,E4
BK097,978-0-672-80075-7,CSE Y3 S5 E1,Ryan Adams,"Rivera, Kirby and Sanchez",660,CSE,Y3,S5,E1
BK098,978-0-89048-910-9,CSE Y3 S5 E2,Kevin Nelson,Spencer and Sons,890,CSE,Y3,S5,E2
BK099,978-0-209-23028-6,CSE Y3 S5 E3,Lisa Daniel,"Mendoza, Smith and Dean",666,CSE,Y3,S5,E3
BK100,978-0-480-52468-5,CSE Y3 S5 E4,Kimberly Young,"Guerra, Anderson and Mason",894,CSE,Y3,S5,E4
BK101,978-0-938486-66-4,CSE Y3 S6 E1,Adrienne Reed,Miller-Donovan,511,CSE,Y3,S6,E1
BK102,978-1-68676-392-2,CSE Y3 S6 E2,Michelle Garrison,Edwards Ltd,666,CSE,Y3,S6,E2
BK103,978-0-259-50983-7,CSE Y3 S6 E3,Michael Goodman,Morgan LLC,546,CSE,Y3,S6,E3
BK104,978-1-78695-905-8,CSE Y3 S6 E4,Edward Aguilar,Daniels LLC,996,CSE,Y3,S6,E4
BK105,978-0-08-611173-9,CSE Y3 S7 E1,Alex Leach,Lewis-Warner,666,CSE,Y3,S7,E1
BK106,978-0-695-51354-2,CSE Y3 S7 E2,Kathy Scott,Gonzales-Campbell,817,CSE,Y3,S7,E2
BK107,978-1-62720-607-5,CSE Y3 S7 E3,James Martin,Hill Inc,517,CSE,Y3,S7,E3
BK108,978-1-162-93397-9,CSE Y3 S7 E4,Megan Hall,Franklin LLC,738,CSE,Y3,S7,E4
BK109,978-1-4608-8834-6,CSE Y3 S8 E1,Eric Lee,Wilson-Edwards,651,CSE,Y3,S8,E1
BK110,978-1-09-864793-3,CSE Y3 S8 E2,John Velazquez,Wallace-Jackson,931,CSE,Y3,S8,E2
BK111,978-0-00-693287-1,CSE Y3 S8 E3,Terri Moore,Goodwin-Huynh,885,CSE,Y3,S8,E3
BK112,978-1-78127-192-6,CSE Y3 S8 E4,Michael Sanders,Harrison LLC,533,CSE,Y3,S8,E4
BK113,978-0-523-12662-3,CSE Y3 S9 E1,Debra Williams,Greene Ltd,536,CSE,Y3,S9,E1
BK114,978-0-7648-2943-7,CSE Y3 S9 E2,Holly Bradshaw,"Mullins, Gomez and Kennedy",539,CSE,Y3,S9,E2
BK115,978-1-4491-9817-6,CSE Y3 S9 E3,Valerie Mora MD,Snyder Ltd,811,CSE,Y3,S9,E3
BK116,978-0-7012-9348-2,CSE Y3 S9 E4,Troy Moore,"Jones, Elliott and Wells",640,CSE,Y3,S9,E4
BK117,978-1-4910-6223-4,CSE Y3 S10 E1,Karl Garcia,"Calderon, Day and Brooks",695,CSE,Y3,S10,E1
BK118,978-1-83496-274-0,CSE Y3 S10 E2,Jessica Kelly,"Wyatt, Ramos and Flores",794,CSE,Y3,S10,E2
BK119,978-1-57352-074-4,CSE Y3 S10 E3,Willie Garcia,Gill-Bell,632,CSE,Y3,S10,E3
BK120,978-1-66399-998-6,CSE Y3 S10 E4,Kayla Huffman,"Anderson, Martinez and Ayers",554,CSE,Y3,S10,E4
BK121,978-0-629-23815-2,CSE Y4 S1 E1,Destiny Hobbs,Thompson PLC,689,CSE,Y4,S1,E1
BK122,978-0-13-390487-1,CSE Y4 S1 E2,Stephen Welch,"Wilson, Mclean and Arias",702,CSE,Y4,S1,E2
BK123,978-0-303-95460-6,CSE Y4 S1 E3,Heather Doyle,Best and Sons,576,CSE,Y4,S1,E3
BK124,978-1-83707-593-5,CSE Y4 S1 E4,David Chapman,Cross Ltd,687,CSE,Y4,S1,E4
BK125,978-1-74507-985-8,CSE Y4 S2 E1,Michael Smith,Williams Group,821,CSE,Y4,S2,E1
BK126,978-1-149-04892-4,CSE Y4 S2 E2,Pamela Gomez,Clark-Vega,709,CSE,Y4,S2,E2
BK127,978-1-56168-495-3,CSE Y4 S2 E3,Sarah Brown,"Wells, Brown and Wright",759,CSE,Y4,S2,E3
BK128,978-1-60779-409-7,CSE Y4 S2 E4,Teresa Lopez,"Ramirez, Pena and Jones",989,CSE,Y4,S2,E4
BK129,978-0-209-08265-6,CSE Y4 S3 E1,Craig Mathews,Jones-Finley,609,CSE,Y4,S3,E1
BK130,978-0-8345-5888-5,CSE Y4 S3 E2,Danny Gay,Lane-Mcdowell,907,CSE,Y4,S3,E2
BK131,978-1-940159-54-6,CSE Y4 S3 E3,Shannon Vargas,Phillips and Sons,781,CSE,Y4,S3,E3
BK132,978-0-545-67842-1,CSE Y4 S3 E4,Ebony Jackson,Reed-Fletcher,984,CSE,Y4,S3,E4
BK133,978-1-67016-746-0,CSE Y4 S4 E1,Deborah Davis,Smith Inc,896,CSE,Y4,S4,E1
BK134,978-1-06-974200-1,CSE Y4 S4 E2,Elizabeth Flores,Cunningham-Patterson,529,CSE,Y4,S4,E2
BK135,978-1-234-45905-5,CSE Y4 S4 E3,Allison Clark,Nguyen-Briggs,815,CSE,Y4,S4,E3
BK136,978-1-5028-9709-1,CSE Y4 S4 E4,Brian Olson,"Travis, Lee and Wood",634,CSE,Y4,S4,E4
BK137,978-1-79738-329-3,CSE Y4 S5 E1,Jeanne Ball,Hall LLC,742,CSE,Y4,S5,E1
BK138,978-0-364-91917-0,CSE Y4 S5 E2,Anthony Richardson,"Allen, Joyce and Torres",690,CSE,Y4,S5,E2
BK139,978-1-908050-60-1,CSE Y4 S5 E3,Mr. Ralph Stewart PhD,Miller Ltd,659,CSE,Y4,S5,E3
BK140,978-1-06-447466-2,CSE Y4 S5 E4,Lauren Lewis,Orozco Group,687,CSE,Y4,S5,E4
BK141,978-1-55020-089-8,CSE Y4 S6 E1,James Carter,Miller-Duncan,956,CSE,Y4,S6,E1
BK142,978-1-71831-538-9,CSE Y4 S6 E2,Karen Harris,Bauer Inc,964,CSE,Y4,S6,E2
BK143,978-0-696-14375-5,CSE Y4 S6 E3,Darrell Hinton,Peters-Young,834,CSE,Y4,S6,E3
BK144,978-1-68805-269-7,CSE Y4 S6 E4,Scott Maldonado,"Wagner, Gordon and Pham",974,CSE,Y4,S6,E4
BK145,978-1-03-897103-6,CSE Y4 S7 E1,Keith Phillips,Cox LLC,523,CSE,Y4,S7,E1
BK146,978-1-08-385453-7,CSE Y4 S7 E2,Bruce Phillips,"Schneider, Gibson and Yang",636,CSE,Y4,S7,E2
BK147,978-1-876136-75-8,CSE Y4 S7 E3,David Brock,"Oconnor, Franklin and Johnson",741,CSE,Y4,S7,E3
BK148,978-1-140-89681-4,CSE Y4 S7 E4,Barbara Cross,Romero Ltd,981,CSE,Y4,S7,E4
BK149,978-1-395-13025-1,CSE Y4 S8 E1,Sandra Cole,Henderson-Ball,990,CSE,Y4,S8,E1
BK150,978-0-13-838855-3,CSE Y4 S8 E2,Tiffany Phillips,Webb LLC,546,CSE,Y4,S8,E2
BK151,978-0-86956-280-2,CSE Y4 S8 E3,Kelly Holmes,Wilson LLC,797,CSE,Y4,S8,E3
BK152,978-0-02-028310-2,CSE Y4 S8 E4,Deborah James,George-Ochoa,874,CSE,Y4,S8,E4
BK153,978-0-432-94604-6,CSE Y4 S9 E1,Crystal Massey,Robinson-Baker,620,CSE,Y4,S9,E1
BK154,978-0-01-956403-8,CSE Y4 S9 E2,Rebecca Cross,Campbell PLC,949,CSE,Y4,S9,E2
BK155,978-0-481-57416-0,CSE Y4 S9 E3,Robert Mcneil,"Wiggins, Burch and Gonzalez",640,CSE,Y4,S9,E3
BK156,978-1-04-807418-5,CSE Y4 S9 E4,Jacob Solis III,Anderson PLC,862,CSE,Y4,S9,E4
BK157,978-0-13-426490-5,CSE Y4 S10 E1,Heather Fox,Briggs PLC,832,CSE,Y4,S10,E1
BK158,978-0-629-44751-6,CSE Y4 S10 E2,Elizabeth Guzman,Parker-Jones,527,CSE,Y4,S10,E2
BK159,978-0-379-08338-5,CSE Y4 S10 E3,Charles Moody,Thomas-Garrett,555,CSE,Y4,S10,E3
BK160,978-1-82354-804-7,CSE Y4 S10 E4,Andrea Gray,"Griffith, Bowman and Park",905,CSE,Y4,S10,E4
BK161,978-1-4242-4714-1,CIVIL Y1 S1 E1,Joseph Mendoza,Farley-Mitchell,510,CIVIL,Y1,S1,E1
BK162,978-1-880696-37-8,CIVIL Y1 S1 E2,Virginia Williams,Jackson-Cline,713,CIVIL,Y1,S1,E2
BK163,978-0-262-52891-7,CIVIL Y1 S1 E3,Matthew Gonzalez,Nunez and Sons,502,CIVIL,Y1,S1,E3
BK164,978-1-205-76813-1,CIVIL Y1 S1 E4,Angela Parks,"Nguyen, Swanson and Robertson",736,CIVIL,Y1,S1,E4
BK165,978-1-962390-99-6,CIVIL Y1 S2 E1,William Potts,Trujillo Group,904,CIVIL,Y1,S2,E1
BK166,978-0-456-49881-1,CIVIL Y1 S2 E2,Mary Wilkins,Conner Group,856,CIVIL,Y1,S2,E2
BK167,978-0-654-38115-1,CIVIL Y1 S2 E3,Mrs. Pamela Martinez,Garcia LLC,770,CIVIL,Y1,S2,E3
BK168,978-1-216-21170-1,CIVIL Y1 S2 E4,Carla Carlson,"Bell, Stewart and Bean",778,CIVIL,Y1,S2,E4
BK169,978-0-17-366812-2,CIVIL Y1 S3 E1,Gina Martinez,Stafford-Hammond,576,CIVIL,Y1,S3,E1
BK170,978-0-8259-1650-2,CIVIL Y1 S3 E2,Hannah Jones MD,Pham-Miller,829,CIVIL,Y1,S3,E2
BK171,978-1-350-97441-8,CIVIL Y1 S3 E3,Christian Monroe,Ruiz-Aguilar,615,CIVIL,Y1,S3,E3
BK172,978-1-78993-346-8,CIVIL Y1 S3 E4,Teresa Gallagher,"Moody, Hamilton and Hall",512,CIVIL,Y1,S3,E4
BK173,978-1-136-45107-2,CIVIL Y1 S4 E1,Ashley Thompson,Kim Group,919,CIVIL,Y1,S4,E1
BK174,978-1-02-843267-7,CIVIL Y1 S4 E2,Eric Vazquez,Morales LLC,819,CIVIL,Y1,S4,E2
BK175,978-1-4977-6365-4,CIVIL Y1 S4 E3,Connie Cox,Snyder-Herrera,929,CIVIL,Y1,S4,E3
BK176,978-0-475-68614-5,CIVIL Y1 S4 E4,Amanda Buckley,Brown LLC,742,CIVIL,Y1,S4,E4
BK177,978-1-288-16927-6,CIVIL Y1 S5 E1,James Haley,Bennett Group,643,CIVIL,Y1,S5,E1
BK178,978-0-496-54862-0,CIVIL Y1 S5 E2,Rachel Bradley,Wallace-Griffin,900,CIVIL,Y1,S5,E2
BK179,978-0-8055-3514-3,CIVIL Y1 S5 E3,Cheryl Wood,Holt Ltd,665,CIVIL,Y1,S5,E3
BK180,978-1-56880-695-2,CIVIL Y1 S5 E4,Luke Patel,"Santiago, Shelton and Miller",607,CIVIL,Y1,S5,E4
BK181,978-1-4803-3078-8,CIVIL Y1 S6 E1,Jessica Evans,Wood Group,937,CIVIL,Y1,S6,E1
BK182,978-1-174-28146-4,CIVIL Y1 S6 E2,Craig Thompson,Williams Group,691,CIVIL,Y1,S6,E2
BK183,978-0-89364-372-0,CIVIL Y1 S6 E3,Marcus Wheeler,"Brown, Rivera and Vega",566,CIVIL,Y1,S6,E3
BK184,978-1-321-64484-5,CIVIL Y1 S6 E4,Anna Williams,Garcia-Jackson,789,CIVIL,Y1,S6,E4
BK185,978-1-363-41657-8,CIVIL Y1 S7 E1,Dennis Howard,Hill Inc,723,CIVIL,Y1,S7,E1
BK186,978-0-01-552439-5,CIVIL Y1 S7 E2,Michelle Morgan,"Gray, Carter and Wallace",693,CIVIL,Y1,S7,E2
BK187,978-1-924091-87-9,CIVIL Y1 S7 E3,Tracy Ayala,Morris and Sons,799,CIVIL,Y1,S7,E3
BK188,978-0-15-848636-9,CIVIL Y1 S7 E4,Mark Campbell,"Hopkins, Coffey and Taylor",872,CIVIL,Y1,S7,E4
BK189,978-1-4037-7414-9,CIVIL Y1 S8 E1,Deborah Kennedy,Ayala-Johnson,797,CIVIL,Y1,S8,E1
BK190,978-1-154-35067-8,CIVIL Y1 S8 E2,Melanie Williams,"Good, Campbell and Castro",523,CIVIL,Y1,S8,E2
BK191,978-0-471-05137-4,CIVIL Y1 S8 E3,William Craig,Johnson Ltd,713,CIVIL,Y1,S8,E3
BK192,978-1-60160-311-1,CIVIL Y1 S8 E4,Linda Harmon,Davis Inc,878,CIVIL,Y1,S8,E4
BK193,978-0-395-87500-1,CIVIL Y1 S9 E1,Mark Richardson,Joyce Group,631,CIVIL,Y1,S9,E1
BK194,978-1-271-50483-1,CIVIL Y1 S9 E2,Luis Tucker,Joyce-Church,843,CIVIL,Y1,S9,E2
BK195,978-0-360-02930-9,CIVIL Y1 S9 E3,Jennifer Thompson,Johnson Group,549,CIVIL,Y1,S9,E3
BK196,978-0-322-12406-6,CIVIL Y1 S9 E4,Tammy Johnson,"Hayes, Blackburn and Barton",715,CIVIL,Y1,S9,E4
BK197,978-1-72312-942-1,CIVIL Y1 S10 E1,Samuel Le,Ray-Harris,954,CIVIL,Y1,S10,E1
BK198,978-1-908734-73-0,CIVIL Y1 S10 E2,Jeremy Brooks,Ramirez Ltd,859,CIVIL,Y1,S10,E2
BK199,978-1-05-244676-3,CIVIL Y1 S10 E3,James Hardy,Brown PLC,650,CIVIL,Y1,S10,E3
BK200,978-0-272-92246-0,CIVIL Y1 S10 E4,Kathryn Gonzalez,"Smith, Fleming and Martin",783,CIVIL,Y1,S10,E4
BK201,978-1-04-828876-6,CIVIL Y2 S1 E1,Scott Parrish,Oliver Inc,580,CIVIL,Y2,S1,E1
BK202,978-1-64367-834-4,CIVIL Y2 S1 E2,Melissa Perry,"Ferguson, Brown and Glover",515,CIVIL,Y2,S1,E2
BK203,978-1-874622-38-3,CIVIL Y2 S1 E3,Cynthia Foster,"Berry, Evans and Aguirre",675,CIVIL,Y2,S1,E3
BK204,978-1-4198-2517-0,CIVIL Y2 S1 E4,William Carter,"Mercer, Adams and Mendez",922,CIVIL,Y2,S1,E4
BK205,978-0-236-49852-9,CIVIL Y2 S2 E1,Michelle Klein,"Anderson, Brennan and Tran",560,CIVIL,Y2,S2,E1
BK206,978-1-65277-166-1,CIVIL Y2 S2 E2,Shari Murphy,Woodard-Gibbs,887,CIVIL,Y2,S2,E2
BK207,978-0-8212-6471-3,CIVIL Y2 S2 E3,Susan Tucker,Hernandez Inc,528,CIVIL,Y2,S2,E3
BK208,978-1-910006-86-3,CIVIL Y2 S2 E4,Ryan Turner,Wang Group,557,CIVIL,Y2,S2,E4
BK209,978-1-01-772058-7,CIVIL Y2 S3 E1,Thomas Sharp,Stephens-Ferguson,805,CIVIL,Y2,S3,E1
BK210,978-1-5072-7140-7,CIVIL Y2 S3 E2,Pamela Stevenson DVM,Oconnell Group,669,CIVIL,Y2,S3,E2
BK211,978-1-79593-466-4,CIVIL Y2 S3 E3,David James,Foster-Adams,702,CIVIL,Y2,S3,E3
BK212,978-0-492-42018-0,CIVIL Y2 S3 E4,Michael Nielsen,"White, Martinez and Hernandez",794,CIVIL,Y2,S3,E4
BK213,978-0-210-35967-9,CIVIL Y2 S4 E1,Holly Brown,Gutierrez and Sons,671,CIVIL,Y2,S4,E1
BK214,978-1-262-79984-0,CIVIL Y2 S4 E2,Brian Reed,"Lopez, Thornton and Mccoy",555,CIVIL,Y2,S4,E2
BK215,978-1-229-79327-0,CIVIL Y2 S4 E3,Sarah Hernandez,Long-Perry,590,CIVIL,Y2,S4,E3
BK216,978-0-03-316064-3,CIVIL Y2 S4 E4,Edward Wood,"Carroll, Smith and Rivera",676,CIVIL,Y2,S4,E4
BK217,978-1-4864-3034-5,CIVIL Y2 S5 E1,Natasha Nguyen,"Hogan, Baker and Scott",940,CIVIL,Y2,S5,E1
BK218,978-0-8271-2225-3,CIVIL Y2 S5 E2,Justin Adams,"Hunt, Castro and Burnett",692,CIVIL,Y2,S5,E2
BK219,978-0-240-41116-3,CIVIL Y2 S5 E3,Aaron Cooper,Holmes Ltd,982,CIVIL,Y2,S5,E3
BK220,978-0-639-44792-6,CIVIL Y2 S5 E4,Judy Brown,Boyd LLC,575,CIVIL,Y2,S5,E4
BK221,978-1-59245-536-2,CIVIL Y2 S6 E1,Tyler Ward,Peters Inc,738,CIVIL,Y2,S6,E1
BK222,978-0-438-99731-8,CIVIL Y2 S6 E2,Haley Hart,Lewis-Burgess,522,CIVIL,Y2,S6,E2
BK223,978-0-04-812118-9,CIVIL Y2 S6 E3,Lisa Brown,Gould-Martin,528,CIVIL,Y2,S6,E3
BK224,978-1-82550-268-9,CIVIL Y2 S6 E4,Mrs. Megan Roberts,"Casey, Larson and Rodriguez",796,CIVIL,Y2,S6,E4
BK225,978-1-78911-465-2,CIVIL Y2 S7 E1,Douglas Vazquez,Reeves Ltd,697,CIVIL,Y2,S7,E1
BK226,978-1-02-399517-7,CIVIL Y2 S7 E2,Mary Cruz,King Ltd,966,CIVIL,Y2,S7,E2
BK227,978-1-06-223755-9,CIVIL Y2 S7 E3,Todd Walker,Keith and Sons,554,CIVIL,Y2,S7,E3
BK228,978-0-14-508096-9,CIVIL Y2 S7 E4,Billy Rocha,"Edwards, Gray and Mcguire",544,CIVIL,Y2,S7,E4
BK229,978-1-958735-67-1,CIVIL Y2 S8 E1,Bethany Evans,Johnson-Hernandez,648,CIVIL,Y2,S8,E1
BK230,978-0-7739-4454-1,CIVIL Y2 S8 E2,Joshua Valdez,Ross Group,612,CIVIL,Y2,S8,E2
BK231,978-0-382-78718-8,CIVIL Y2 S8 E3,Adam Miller,Williams Group,821,CIVIL,Y2,S8,E3
BK232,978-0-13-041750-3,CIVIL Y2 S8 E4,Brandon Lamb,Hoffman-Rowe,868,CIVIL,Y2,S8,E4
BK233,978-1-62073-047-8,CIVIL Y2 S9 E1,Nicole Bolton,Garrison-Martinez,855,CIVIL,Y2,S9,E1
BK234,978-1-4708-7148-2,CIVIL Y2 S9 E2,Casey Bentley,Clark-Rodriguez,916,CIVIL,Y2,S9,E2
BK235,978-1-06-213958-7,CIVIL Y2 S9 E3,Tammy Reid,"Spencer, Mckinney and Murray",509,CIVIL,Y2,S9,E3
BK236,978-1-886491-66-3,CIVIL Y2 S9 E4,Antonio Smith,Nelson-Hensley,926,CIVIL,Y2,S9,E4
BK237,978-0-7569-5013-2,CIVIL Y2 S10 E1,Maria Flowers,Thompson Group,896,CIVIL,Y2,S10,E1
BK238,978-0-03-982927-8,CIVIL Y2 S10 E2,Sherri Taylor PhD,Graham Group,730,CIVIL,Y2,S10,E2
BK239,978-0-561-71906-1,CIVIL Y2 S10 E3,David Marquez,"Thomas, Knox and Hill",821,CIVIL,Y2,S10,E3
BK240,978-0-7202-0071-3,CIVIL Y2 S10 E4,Francisco Long,"Lee, Patton and Graham",712,CIVIL,Y2,S10,E4
BK241,978-0-607-97985-5,CIVIL Y3 S1 E1,Samuel Taylor,Boyd Group,729,CIVIL,Y3,S1,E1
BK242,978-0-323-07950-1,CIVIL Y3 S1 E2,Michael Hernandez,Taylor-Ray,998,CIVIL,Y3,S1,E2
BK243,978-0-7901-2996-9,CIVIL Y3 S1 E3,Mrs. Tammy Patel,Taylor-Woods,808,CIVIL,Y3,S1,E3
BK244,978-0-202-15236-3,CIVIL Y3 S1 E4,Heather Leonard,"Martinez, Gordon and Alexander",504,CIVIL,Y3,S1,E4
BK245,978-1-375-68282-4,CIVIL Y3 S2 E1,Eric Hicks,Johnson-Johnson,769,CIVIL,Y3,S2,E1
BK246,978-1-113-80764-9,CIVIL Y3 S2 E2,Katherine Shaw,Miller Ltd,578,CIVIL,Y3,S2,E2
BK247,978-0-655-59573-1,CIVIL Y3 S2 E3,Brittney Anderson,"Lawson, Ramos and Ramirez",871,CIVIL,Y3,S2,E3
BK248,978-1-195-35190-0,CIVIL Y3 S2 E4,Jeremy Crawford,Parker and Sons,593,CIVIL,Y3,S2,E4
BK249,978-1-71151-412-3,CIVIL Y3 S3 E1,Timothy Miller,"Rowe, Carrillo and Martinez",997,CIVIL,Y3,S3,E1
BK250,978-0-649-07616-1,CIVIL Y3 S3 E2,Anthony Carter,Tyler-Allen,628,CIVIL,Y3,S3,E2
BK251,978-0-495-02700-3,CIVIL Y3 S3 E3,Adam Ferrell,Steele-Robinson,567,CIVIL,Y3,S3,E3
BK252,978-0-401-00323-7,CIVIL Y3 S3 E4,Julia Rocha,Mclaughlin Ltd,542,CIVIL,Y3,S3,E4
BK253,978-1-09-741846-6,CIVIL Y3 S4 E1,Mark Davis,Ortega PLC,957,CIVIL,Y3,S4,E1
BK254,978-1-76077-266-6,CIVIL Y3 S4 E2,Karen Chase,"Clark, Wilson and Bonilla",683,CIVIL,Y3,S4,E2
BK255,978-0-08-818045-0,CIVIL Y3 S4 E3,Karen Hinton,"Powell, Jenkins and Bell",865,CIVIL,Y3,S4,E3
BK256,978-0-8437-3494-2,CIVIL Y3 S4 E4,Angel Reyes,Rojas PLC,864,CIVIL,Y3,S4,E4
BK257,978-0-319-14507-4,CIVIL Y3 S5 E1,Michael Bridges,"Owens, Phillips and Rodriguez",806,CIVIL,Y3,S5,E1
BK258,978-0-574-30163-5,CIVIL Y3 S5 E2,Emily Bailey,"Thomas, Knight and White",604,CIVIL,Y3,S5,E2
BK259,978-0-252-84242-9,CIVIL Y3 S5 E3,Darryl Wright,Palmer LLC,826,CIVIL,Y3,S5,E3
BK260,978-1-81927-296-3,CIVIL Y3 S5 E4,Marvin Kline,Guzman-Wright,600,CIVIL,Y3,S5,E4
BK261,978-1-882385-97-3,CIVIL Y3 S6 E1,Matthew Henson,Beard-Phillips,729,CIVIL,Y3,S6,E1
BK262,978-1-84083-600-4,CIVIL Y3 S6 E2,Evan Swanson,Oliver Inc,882,CIVIL,Y3,S6,E2
BK263,978-0-699-66753-1,CIVIL Y3 S6 E3,Clinton Lane,"Lewis, Robinson and Smith",544,CIVIL,Y3,S6,E3
BK264,978-0-279-64710-6,CIVIL Y3 S6 E4,Jeffrey Gonzales,"Carey, Thomas and Johnson",987,CIVIL,Y3,S6,E4
BK265,978-1-72662-823-5,CIVIL Y3 S7 E1,Brandy Perry,"Green, Steele and Perkins",996,CIVIL,Y3,S7,E1
BK266,978-1-264-57601-2,CIVIL Y3 S7 E2,George Marquez,"Williamson, Gonzalez and Hancock",751,CIVIL,Y3,S7,E2
BK267,978-0-405-95802-1,CIVIL Y3 S7 E3,Victor Bell,Wood-Woodard,890,CIVIL,Y3,S7,E3
BK268,978-0-554-86260-6,CIVIL Y3 S7 E4,Matthew Martinez,Blake PLC,771,CIVIL,Y3,S7,E4
BK269,978-1-57154-384-4,CIVIL Y3 S8 E1,Randy Brown,Taylor-Johnson,988,CIVIL,Y3,S8,E1
BK270,978-1-271-73900-4,CIVIL Y3 S8 E2,Amanda Meyer,Rogers Inc,999,CIVIL,Y3,S8,E2
BK271,978-1-69269-889-8,CIVIL Y3 S8 E3,Sheryl Moore,Crawford Ltd,516,CIVIL,Y3,S8,E3
BK272,978-1-133-53976-6,CIVIL Y3 S8 E4,Chad Green,Davis Group,720,CIVIL,Y3,S8,E4
BK273,978-0-244-96780-2,CIVIL Y3 S9 E1,Zachary Walsh,Nichols and Sons,885,CIVIL,Y3,S9,E1
BK274,978-0-8426-4460-0,CIVIL Y3 S9 E2,Mr. George Clark,Klein-Howard,959,CIVIL,Y3,S9,E2
BK275,978-0-922678-61-7,CIVIL Y3 S9 E3,Becky Williams,Elliott-Henry,510,CIVIL,Y3,S9,E3
BK276,978-0-627-45396-0,CIVIL Y3 S9 E4,Troy Nelson,Morrison-Roman,841,CIVIL,Y3,S9,E4
BK277,978-0-495-58575-6,CIVIL Y3 S10 E1,Laura Nelson,Morgan Group,1000,CIVIL,Y3,S10,E1
BK278,978-1-5428-7593-6,CIVIL Y3 S10 E2,Patrick Farrell,"Hall, Wheeler and Peterson",529,CIVIL,Y3,S10,E2
BK279,978-0-564-48822-3,CIVIL Y3 S10 E3,Nicole Green,Mata Ltd,914,CIVIL,Y3,S10,E3
BK280,978-0-13-657561-0,CIVIL Y3 S10 E4,Elizabeth Martinez,Mendoza and Sons,745,CIVIL,Y3,S10,E4
BK281,978-1-384-75784-1,CIVIL Y4 S1 E1,Nancy Lara,"Lopez, Thomas and Perez",894,CIVIL,Y4,S1,E1
BK282,978-1-03-977170-3,CIVIL Y4 S1 E2,Anne Jenkins,Stanton-Waller,640,CIVIL,Y4,S1,E2
BK283,978-1-326-36243-0,CIVIL Y4 S1 E3,Heidi Bush,Heath-Kennedy,547,CIVIL,Y4,S1,E3
BK284,978-0-366-09947-4,CIVIL Y4 S1 E4,Scott Shah,Gonzalez Ltd,873,CIVIL,Y4,S1,E4
BK285,978-0-507-30085-8,CIVIL Y4 S2 E1,Jesus Cook,Hoover-Fuentes,977,CIVIL,Y4,S2,E1
BK286,978-1-84611-097-9,CIVIL Y4 S2 E2,Kimberly Anderson,Elliott-Wiley,766,CIVIL,Y4,S2,E2
BK287,978-1-07-173857-3,CIVIL Y4 S2 E3,Brenda Shepard,Delgado-Blackburn,538,CIVIL,Y4,S2,E3
BK288,978-1-990989-50-6,CIVIL Y4 S2 E4,Jerome Brown,"Henry, Jones and Glass",905,CIVIL,Y4,S2,E4
BK289,978-0-202-79565-2,CIVIL Y4 S3 E1,Matthew Smith,Scott Group,670,CIVIL,Y4,S3,E1
BK290,978-1-60515-135-9,CIVIL Y4 S3 E2,Brianna Meyer,David Group,771,CIVIL,Y4,S3,E2
BK291,978-0-220-63331-8,CIVIL Y4 S3 E3,Kathy Maldonado,Walker PLC,828,CIVIL,Y4,S3,E3
BK292,978-0-353-83755-3,CIVIL Y4 S3 E4,Jennifer Green,"Nichols, Banks and Mclaughlin",883,CIVIL,Y4,S3,E4
BK293,978-0-18-569222-1,CIVIL Y4 S4 E1,Kelly Powell,Thomas Ltd,914,CIVIL,Y4,S4,E1
BK294,978-1-103-93073-9,CIVIL Y4 S4 E2,David Duffy,Dunn-Torres,958,CIVIL,Y4,S4,E2
BK295,978-1-100-27498-0,CIVIL Y4 S4 E3,Jennifer Lucas,Lopez-Mitchell,960,CIVIL,Y4,S4,E3
BK296,978-1-898576-91-4,CIVIL Y4 S4 E4,Douglas Gray,"Foster, Patterson and Williams",514,CIVIL,Y4,S4,E4
BK297,978-1-81822-551-9,CIVIL Y4 S5 E1,Dr. Robert Conway,"Wood, Hawkins and Mahoney",691,CIVIL,Y4,S5,E1
BK298,978-0-524-78492-1,CIVIL Y4 S5 E2,Thomas Perez,Bryan PLC,545,CIVIL,Y4,S5,E2
BK299,978-1-361-46749-7,CIVIL Y4 S5 E3,Melissa Park,"Allen, Mitchell and Wall",605,CIVIL,Y4,S5,E3
BK300,978-1-245-09870-0,CIVIL Y4 S5 E4,Bryan Sparks,Jackson-Collins,629,CIVIL,Y4,S5,E4
BK301,978-1-56024-856-9,CIVIL Y4 S6 E1,Thomas Parrish,Thompson-Gonzalez,949,CIVIL,Y4,S6,E1
BK302,978-1-102-16747-1,CIVIL Y4 S6 E2,Mrs. Theresa Smith,Mills PLC,539,CIVIL,Y4,S6,E2
BK303,978-1-57473-321-1,CIVIL Y4 S6 E3,Mrs. Cheyenne Parsons,"Wilkins, Gonzalez and Gomez",708,CIVIL,Y4,S6,E3
BK304,978-1-302-40829-9,CIVIL Y4 S6 E4,Stephanie Lopez,"Smith, Johnson and Stanley",670,CIVIL,Y4,S6,E4
BK305,978-0-7394-8524-8,CIVIL Y4 S7 E1,Maria Turner,"Peterson, Combs and Mckenzie",791,CIVIL,Y4,S7,E1
BK306,978-0-248-97055-6,CIVIL Y4 S7 E2,Shelley Christensen,"Stevenson, Morris and Moreno",924,CIVIL,Y4,S7,E2
BK307,978-0-388-48842-3,CIVIL Y4 S7 E3,Eric Martinez,Torres Ltd,757,CIVIL,Y4,S7,E3
BK308,978-0-10-806886-7,CIVIL Y4 S7 E4,Tracy Simmons,Cannon-Whitaker,637,CIVIL,Y4,S7,E4
BK309,978-1-322-02680-0,CIVIL Y4 S8 E1,Eric Rodriguez,Jackson-Hamilton,670,CIVIL,Y4,S8,E1
BK310,978-1-229-28891-2,CIVIL Y4 S8 E2,Barbara Gonzalez,Johnson and Sons,741,CIVIL,Y4,S8,E2
BK311,978-1-959934-60-8,CIVIL Y4 S8 E3,Emily Russell,"Zamora, Schwartz and Hendricks",835,CIVIL,Y4,S8,E3
BK312,978-1-77185-267-8,CIVIL Y4 S8 E4,Nicholas Sanchez,"Rodriguez, Hoffman and Allen",716,CIVIL,Y4,S8,E4
BK313,978-1-367-42711-2,CIVIL Y4 S9 E1,Sandra Green,Kim Inc,941,CIVIL,Y4,S9,E1
BK314,978-0-12-487026-0,CIVIL Y4 S9 E2,Maria Barron,Johnson Group,942,CIVIL,Y4,S9,E2
BK315,978-1-179-71087-7,CIVIL Y4 S9 E3,John Wood,Edwards-Powell,678,CIVIL,Y4,S9,E3
BK316,978-1-186-17011-4,CIVIL Y4 S9 E4,Lauren Fernandez,"Morse, Gray and Soto",752,CIVIL,Y4,S9,E4
BK317,978-1-136-32214-3,CIVIL Y4 S10 E1,Daniel Prince,Olson-Bryant,939,CIVIL,Y4,S10,E1
BK318,978-1-73123-836-8,CIVIL Y4 S10 E2,Jim Taylor,Jones-Cole,843,CIVIL,Y4,S10,E2
BK319,978-0-555-28974-7,CIVIL Y4 S10 E3,Eddie Cummings,Williams and Sons,557,CIVIL,Y4,S10,E3
BK320,978-0-642-94168-8,CIVIL Y4 S10 E4,Brooke Thomas,Lewis PLC,710,CIVIL,Y4,S10,E4
BK321,978-1-359-22574-0,ECE Y1 S1 E1,Keith Reed,"Rios, Young and Moore",617,ECE,Y1,S1,E1
BK322,978-1-4212-2605-7,ECE Y1 S1 E2,Gary Wright,Best Ltd,536,ECE,Y1,S1,E2
BK323,978-0-11-243140-4,ECE Y1 S1 E3,Sheila Mills,Parrish Ltd,890,ECE,Y1,S1,E3
BK324,978-1-286-89060-8,ECE Y1 S1 E4,Elaine Woods,Johnson Inc,833,ECE,Y1,S1,E4
BK325,978-0-349-51466-6,ECE Y1 S2 E1,Tiffany Johnson,"Morgan, Chapman and Pratt",830,ECE,Y1,S2,E1
BK326,978-1-143-60177-4,ECE Y1 S2 E2,Bryce Ashley,Newton-Jackson,865,ECE,Y1,S2,E2
BK327,978-1-933040-05-9,ECE Y1 S2 E3,Scott Vazquez,Blevins-Wall,729,ECE,Y1,S2,E3
BK328,978-0-315-63189-2,ECE Y1 S2 E4,Danielle Powers,"Johnson, Miller and Williams",970,ECE,Y1,S2,E4
BK329,978-0-9799224-5-9,ECE Y1 S3 E1,Ronald Mason,"Jackson, Stevens and Stone",866,ECE,Y1,S3,E1
BK330,978-1-250-75944-3,ECE Y1 S3 E2,Jeff Lee,Williams LLC,637,ECE,Y1,S3,E2
BK331,978-0-89157-461-3,ECE Y1 S3 E3,Kristina Flynn,"Miller, Williams and Ortega",969,ECE,Y1,S3,E3
BK332,978-0-949173-57-7,ECE Y1 S3 E4,Jennifer Hudson,James-Parks,814,ECE,Y1,S3,E4
BK333,978-1-142-01034-8,ECE Y1 S4 E1,Matthew Rubio,"Roberts, Fernandez and Castillo",688,ECE,Y1,S4,E1
BK334,978-0-375-48324-0,ECE Y1 S4 E2,Cindy Page,Jenkins Group,714,ECE,Y1,S4,E2
BK335,978-1-893368-33-0,ECE Y1 S4 E3,Dean Smith,Jackson Group,641,ECE,Y1,S4,E3
BK336,978-1-878943-84-2,ECE Y1 S4 E4,Allison Key,Garcia Inc,878,ECE,Y1,S4,E4
BK337,978-1-320-01398-7,ECE Y1 S5 E1,Richard Rodgers,Taylor-Norris,821,ECE,Y1,S5,E1
BK338,978-1-923496-37-8,ECE Y1 S5 E2,John Warren,Wright-Davis,625,ECE,Y1,S5,E2
BK339,978-0-464-74112-1,ECE Y1 S5 E3,Christian Summers,Rocha-Robinson,921,ECE,Y1,S5,E3
BK340,978-0-88285-273-7,ECE Y1 S5 E4,Ronald Walters,Little-Bush,639,ECE,Y1,S5,E4
BK341,978-0-441-86624-3,ECE Y1 S6 E1,James Daniel,Chase-Rodriguez,786,ECE,Y1,S6,E1
BK342,978-1-4917-6431-2,ECE Y1 S6 E2,Alexander Boone,"Little, Flores and Henry",680,ECE,Y1,S6,E2
BK343,978-1-09-538443-5,ECE Y1 S6 E3,Mary Davis,Cannon-Riley,960,ECE,Y1,S6,E3
BK344,978-1-74131-654-4,ECE Y1 S6 E4,Lindsey Ramirez,Tucker-Ruiz,502,ECE,Y1,S6,E4
BK345,978-0-580-35639-1,ECE Y1 S7 E1,Andrew Reyes,Baker-Hampton,681,ECE,Y1,S7,E1
BK346,978-0-8341-1657-3,ECE Y1 S7 E2,Laura Chase,"Munoz, Murray and Delacruz",605,ECE,Y1,S7,E2
BK347,978-0-19-605616-6,ECE Y1 S7 E3,Phyllis Pacheco,Navarro-Wood,993,ECE,Y1,S7,E3
BK348,978-0-9668165-6-3,ECE Y1 S7 E4,Amber Marshall PhD,"Smith, Gonzales and Ortiz",929,ECE,Y1,S7,E4
BK349,978-0-8399-9324-7,ECE Y1 S8 E1,Shane Evans,Armstrong-Hernandez,973,ECE,Y1,S8,E1
BK350,978-1-61148-542-4,ECE Y1 S8 E2,Christopher Robbins,"Lynch, Price and Mendoza",951,ECE,Y1,S8,E2
BK351,978-1-963894-60-8,ECE Y1 S8 E3,Christine Arnold,Shelton-Johnson,787,ECE,Y1,S8,E3
BK352,978-1-392-11617-3,ECE Y1 S8 E4,Mary Williams,Ramsey Ltd,947,ECE,Y1,S8,E4
BK353,978-1-61193-712-1,ECE Y1 S9 E1,Karen Alvarez,"Atkinson, Velez and Smith",621,ECE,Y1,S9,E1
BK354,978-1-71367-209-8,ECE Y1 S9 E2,Jeffrey Wade,Smith LLC,703,ECE,Y1,S9,E2
BK355,978-1-994680-30-0,ECE Y1 S9 E3,Taylor Mills,Good-Gomez,964,ECE,Y1,S9,E3
BK356,978-1-72467-421-0,ECE Y1 S9 E4,Corey Graham,Rice LLC,686,ECE,Y1,S9,E4
BK357,978-1-04-266174-9,ECE Y1 S10 E1,Stephanie Ball,Fritz Inc,975,ECE,Y1,S10,E1
BK358,978-1-278-78031-3,ECE Y1 S10 E2,Miss Christine Martin MD,Brown-Hall,946,ECE,Y1,S10,E2
BK359,978-1-70648-475-2,ECE Y1 S10 E3,Christopher Williamson,Rice-Kidd,629,ECE,Y1,S10,E3
BK360,978-0-316-24594-4,ECE Y1 S10 E4,Debra Carroll,Oconnell LLC,708,ECE,Y1,S10,E4
BK361,978-1-85392-680-8,ECE Y2 S1 E1,Joseph Avery,Alexander Ltd,600,ECE,Y2,S1,E1
BK362,978-1-69168-552-3,ECE Y2 S1 E2,Emily Jennings,"Duarte, Brown and Lane",809,ECE,Y2,S1,E2
BK363,978-1-178-70971-1,ECE Y2 S1 E3,Jennifer Montoya,Garcia-Roth,788,ECE,Y2,S1,E3
BK364,978-0-8051-9748-8,ECE Y2 S1 E4,Keith Smith,Duke-Zhang,681,ECE,Y2,S1,E4
BK365,978-0-9900514-9-7,ECE Y2 S2 E1,Shane Williams,Williams-Brown,808,ECE,Y2,S2,E1
BK366,978-1-5419-6846-2,ECE Y2 S2 E2,Elizabeth Richardson,Shannon-Calderon,824,ECE,Y2,S2,E2
BK367,978-0-03-821084-8,ECE Y2 S2 E3,Nicholas Powell,"Dixon, Smith and Terry",678,ECE,Y2,S2,E3
BK368,978-0-89106-297-4,ECE Y2 S2 E4,Diane Blake,Johnson-Flowers,882,ECE,Y2,S2,E4
BK369,978-0-475-82829-3,ECE Y2 S3 E1,Kevin Stanley,"Peterson, Farmer and Colon",550,ECE,Y2,S3,E1
BK370,978-0-680-39910-6,ECE Y2 S3 E2,John David,Haynes Group,569,ECE,Y2,S3,E2
BK371,978-0-344-81517-1,ECE Y2 S3 E3,Whitney Burton,"Chavez, Potter and Washington",615,ECE,Y2,S3,E3
BK372,978-1-962560-27-6,ECE Y2 S3 E4,Steven Riddle,Gonzalez-Frazier,691,ECE,Y2,S3,E4
BK373,978-0-7761-6533-2,ECE Y2 S4 E1,Kevin Bradley,Bauer Group,725,ECE,Y2,S4,E1
BK374,978-0-393-47958-4,ECE Y2 S4 E2,Jenna Camacho,Berger LLC,794,ECE,Y2,S4,E2
BK375,978-1-5402-1939-8,ECE Y2 S4 E3,Audrey Carpenter,Garcia PLC,693,ECE,Y2,S4,E3
BK376,978-0-10-463041-9,ECE Y2 S4 E4,Jordan Johns,Prince-Hansen,634,ECE,Y2,S4,E4
BK377,978-1-4297-0468-7,ECE Y2 S5 E1,Darlene Coleman,"Brady, Cooke and Boone",722,ECE,Y2,S5,E1
BK378,978-1-07-573260-7,ECE Y2 S5 E2,Joseph Powers,"Price, Marquez and Jenkins",769,ECE,Y2,S5,E2
BK379,978-0-02-147033-4,ECE Y2 S5 E3,James Maxwell,Carroll Ltd,960,ECE,Y2,S5,E3
BK380,978-0-18-828633-5,ECE Y2 S5 E4,Daniel James,"Bowers, Turner and Banks",701,ECE,Y2,S5,E4
BK381,978-1-67944-990-1,ECE Y2 S6 E1,Jacqueline Carrillo,"Wheeler, Ward and Mcclain",685,ECE,Y2,S6,E1
BK382,978-0-626-37043-5,ECE Y2 S6 E2,Isaac Maxwell,Andrews-Palmer,984,ECE,Y2,S6,E2
BK383,978-1-7329128-6-1,ECE Y2 S6 E3,Michael Diaz,Lee Inc,999,ECE,Y2,S6,E3
BK384,978-0-8262-7230-0,ECE Y2 S6 E4,Joseph Oneal,Castro Ltd,526,ECE,Y2,S6,E4
BK385,978-1-68804-378-7,ECE Y2 S7 E1,Shannon Medina,Lang and Sons,716,ECE,Y2,S7,E1
BK386,978-1-969846-78-6,ECE Y2 S7 E2,Andrew Murphy,Harris LLC,753,ECE,Y2,S7,E2
BK387,978-0-9745724-4-4,ECE Y2 S7 E3,Alejandra King,"Colon, Wiley and Christensen",537,ECE,Y2,S7,E3
BK388,978-1-09-110048-0,ECE Y2 S7 E4,Justin Miller,Rhodes-Roach,551,ECE,Y2,S7,E4
BK389,978-1-891300-68-4,ECE Y2 S8 E1,Timothy Butler,Perez and Sons,871,ECE,Y2,S8,E1
BK390,978-0-03-360255-6,ECE Y2 S8 E2,David Mooney,Chase-Benson,822,ECE,Y2,S8,E2
BK391,978-1-06-994695-9,ECE Y2 S8 E3,Misty Green,Taylor and Sons,588,ECE,Y2,S8,E3
BK392,978-0-205-94186-5,ECE Y2 S8 E4,Mindy Thompson,Ball-Henderson,689,ECE,Y2,S8,E4
BK393,978-1-341-26877-9,ECE Y2 S9 E1,Dustin Hull,"Lopez, Robertson and Fox",892,ECE,Y2,S9,E1
BK394,978-1-874575-61-0,ECE Y2 S9 E2,Thomas Hines,Franklin PLC,977,ECE,Y2,S9,E2
BK395,978-1-913771-41-6,ECE Y2 S9 E3,Gloria Boyd,"Goodman, Norman and Anderson",516,ECE,Y2,S9,E3
BK396,978-0-15-912929-6,ECE Y2 S9 E4,Carrie Cooper,Rice-Moreno,981,ECE,Y2,S9,E4
BK397,978-0-9795667-0-7,ECE Y2 S10 E1,Carolyn Gross,"Porter, Williams and Bradley",819,ECE,Y2,S10,E1
BK398,978-1-997743-06-4,ECE Y2 S10 E2,Lee Hopkins,Carey Ltd,861,ECE,Y2,S10,E2
BK399,978-0-9933775-7-0,ECE Y2 S10 E3,Jody Patterson,"Olson, Ramos and Bennett",793,ECE,Y2,S10,E3
BK400,978-0-331-52903-6,ECE Y2 S10 E4,Joshua Skinner,Ray-Anderson,930,ECE,Y2,S10,E4
BK401,978-0-8285-1459-0,ECE Y3 S1 E1,Jennifer Perez,"Ortiz, Walsh and Parks",940,ECE,Y3,S1,E1
BK402,978-1-4174-4807-4,ECE Y3 S1 E2,Andrew Russell,Watson-Rivera,959,ECE,Y3,S1,E2
BK403,978-1-969424-26-7,ECE Y3 S1 E3,Lisa Morton,"Baker, Wright and Perez",905,ECE,Y3,S1,E3
BK404,978-0-00-776547-8,ECE Y3 S1 E4,Daniel Klein,Baldwin-Taylor,915,ECE,Y3,S1,E4
BK405,978-0-16-174377-0,ECE Y3 S2 E1,Zachary Burton,"Weaver, Hammond and Vargas",738,ECE,Y3,S2,E1
BK406,978-0-480-80243-1,ECE Y3 S2 E2,Thomas Pitts,"Reyes, Hernandez and Lawrence",896,ECE,Y3,S2,E2
BK407,978-0-87179-934-0,ECE Y3 S2 E3,Alejandra Evans,Rogers LLC,907,ECE,Y3,S2,E3
BK408,978-0-915884-82-7,ECE Y3 S2 E4,Melissa Miranda,Williams-Carroll,541,ECE,Y3,S2,E4
BK409,978-0-18-048461-6,ECE Y3 S3 E1,Nicole Johnson,Allen-Lang,669,ECE,Y3,S3,E1
BK410,978-1-113-80799-1,ECE Y3 S3 E2,Emily Alexander,Jordan and Sons,824,ECE,Y3,S3,E2
BK411,978-0-521-66111-9,ECE Y3 S3 E3,Katie Rivera,Hodge-Sutton,759,ECE,Y3,S3,E3
BK412,978-1-84296-801-7,ECE Y3 S3 E4,Christine Harrison,"Stevenson, Anderson and Rodriguez",993,ECE,Y3,S3,E4
BK413,978-0-364-67335-5,ECE Y3 S4 E1,Susan Keller,"Schmidt, Malone and Jackson",943,ECE,Y3,S4,E1
BK414,978-0-677-10136-1,ECE Y3 S4 E2,Marilyn Brown,Benitez LLC,876,ECE,Y3,S4,E2
BK415,978-1-4396-4695-3,ECE Y3 S4 E3,Robert Davis,Brown-Ruiz,580,ECE,Y3,S4,E3
BK416,978-0-212-51572-1,ECE Y3 S4 E4,Theodore Love,"Johnson, Williams and Allen",891,ECE,Y3,S4,E4
BK417,978-1-84186-318-4,ECE Y3 S5 E1,Lindsey Rodriguez,"Ho, Rogers and Baxter",634,ECE,Y3,S5,E1
BK418,978-1-5088-1060-5,ECE Y3 S5 E2,Vanessa Young,"Morris, Henry and Johnson",767,ECE,Y3,S5,E2
BK419,978-0-295-09778-7,ECE Y3 S5 E3,Kaitlyn Nelson,Meyer-Garcia,834,ECE,Y3,S5,E3
BK420,978-1-4485-4714-2,ECE Y3 S5 E4,Peter Reynolds,"Ford, Mack and Chung",948,ECE,Y3,S5,E4
BK421,978-1-163-45503-6,ECE Y3 S6 E1,Jonathon Alexander,Lambert-Brown,598,ECE,Y3,S6,E1
BK422,978-1-877463-40-2,ECE Y3 S6 E2,Terry Woods,Villarreal Inc,924,ECE,Y3,S6,E2
BK423,978-0-308-61148-1,ECE Y3 S6 E3,Laurie Spencer,"Perez, Smith and Gilmore",973,ECE,Y3,S6,E3
BK424,978-0-634-34883-9,ECE Y3 S6 E4,Jesse Navarro,Hernandez-Smith,920,ECE,Y3,S6,E4
BK425,978-1-60267-551-3,ECE Y3 S7 E1,Melissa Schneider,Johnson LLC,691,ECE,Y3,S7,E1
BK426,978-1-5197-5627-5,ECE Y3 S7 E2,Samantha Lee,"Sparks, Jones and Kelly",610,ECE,Y3,S7,E2
BK427,978-0-217-67467-6,ECE Y3 S7 E3,Eric Jones,"Mckay, Morales and Sullivan",536,ECE,Y3,S7,E3
BK428,978-0-7387-0228-5,ECE Y3 S7 E4,Darin Reyes,"Webb, Roberts and Flowers",520,ECE,Y3,S7,E4
BK429,978-1-167-42110-5,ECE Y3 S8 E1,Amanda Vaughn,Parks and Sons,773,ECE,Y3,S8,E1
BK430,978-0-13-517461-6,ECE Y3 S8 E2,Jennifer Mitchell,"Lawson, Jacobson and Murphy",868,ECE,Y3,S8,E2
BK431,978-1-5219-9932-5,ECE Y3 S8 E3,Theresa Cowan,Moore LLC,733,ECE,Y3,S8,E3
BK432,978-0-506-39400-1,ECE Y3 S8 E4,Kim Stephens,Wright and Sons,759,ECE,Y3,S8,E4
BK433,978-0-591-09946-1,ECE Y3 S9 E1,Terri Fernandez,"Walton, Smith and Rollins",541,ECE,Y3,S9,E1
BK434,978-1-72513-495-9,ECE Y3 S9 E2,Brittany Bryant,Webster-James,877,ECE,Y3,S9,E2
BK435,978-0-02-298184-6,ECE Y3 S9 E3,Megan Brown,"Lam, Cortez and Frank",719,ECE,Y3,S9,E3
BK436,978-1-926889-56-6,ECE Y3 S9 E4,Cindy Chavez,Lynch-Brown,791,ECE,Y3,S9,E4
BK437,978-1-948061-62-9,ECE Y3 S10 E1,Charles White,Phillips and Sons,654,ECE,Y3,S10,E1
BK438,978-1-68335-114-6,ECE Y3 S10 E2,Michelle Hicks,Garrison LLC,773,ECE,Y3,S10,E2
BK439,978-0-541-86633-4,ECE Y3 S10 E3,Theresa Cohen,Ortiz LLC,967,ECE,Y3,S10,E3
BK440,978-1-55957-701-4,ECE Y3 S10 E4,Heidi Rhodes,Reynolds Group,542,ECE,Y3,S10,E4
BK441,978-0-447-34281-9,ECE Y4 S1 E1,Beth Forbes,White LLC,690,ECE,Y4,S1,E1
BK442,978-0-518-48271-0,ECE Y4 S1 E2,Peter Vasquez,Rodriguez Group,860,ECE,Y4,S1,E2
BK443,978-0-01-201306-9,ECE Y4 S1 E3,Samantha Carson,Estrada and Sons,611,ECE,Y4,S1,E3
BK444,978-0-374-39782-1,ECE Y4 S1 E4,Cathy Haley,Bennett and Sons,872,ECE,Y4,S1,E4
BK445,978-0-639-79014-5,ECE Y4 S2 E1,Mark Tran,Buchanan-Bolton,838,ECE,Y4,S2,E1
BK446,978-1-884690-29-7,ECE Y4 S2 E2,Sharon Miller,"Carlson, Ortiz and Moore",887,ECE,Y4,S2,E2
BK447,978-1-4166-5457-5,ECE Y4 S2 E3,Amber Lynch,Collins-Sanders,654,ECE,Y4,S2,E3
BK448,978-0-12-303677-3,ECE Y4 S2 E4,Haley Hickman,Brown-Thomas,983,ECE,Y4,S2,E4
BK449,978-0-351-27627-9,ECE Y4 S3 E1,Charles Stewart,Garcia-Taylor,964,ECE,Y4,S3,E1
BK450,978-1-171-22537-9,ECE Y4 S3 E2,Kimberly Harris,"Robles, Sanchez and Reyes",746,ECE,Y4,S3,E2
BK451,978-1-77769-978-9,ECE Y4 S3 E3,Sarah Johnson,"Lynch, Smith and Terry",605,ECE,Y4,S3,E3
BK452,978-1-141-03432-1,ECE Y4 S3 E4,Caitlyn Webb,Johnson and Sons,997,ECE,Y4,S3,E4
BK453,978-1-65129-977-7,ECE Y4 S4 E1,Annette Smith DVM,Crawford Inc,795,ECE,Y4,S4,E1
BK454,978-1-06-126917-9,ECE Y4 S4 E2,Ryan Jenkins,Sanchez Group,519,ECE,Y4,S4,E2
BK455,978-0-11-514243-7,ECE Y4 S4 E3,Brian Salazar,Sheppard Group,977,ECE,Y4,S4,E3
BK456,978-0-417-51292-1,ECE Y4 S4 E4,James Myers,Walker and Sons,556,ECE,Y4,S4,E4
BK457,978-1-60799-476-3,ECE Y4 S5 E1,Tammy Alvarez,Payne-Lawson,890,ECE,Y4,S5,E1
BK458,978-0-293-23003-2,ECE Y4 S5 E2,Justin Warren,Turner Inc,842,ECE,Y4,S5,E2
BK459,978-1-224-59001-0,ECE Y4 S5 E3,Andrew Collins,Nicholson Group,901,ECE,Y4,S5,E3
BK460,978-1-175-56744-4,ECE Y4 S5 E4,Bryan Gardner,"Turner, Roberts and Avery",615,ECE,Y4,S5,E4
BK461,978-1-887991-61-2,ECE Y4 S6 E1,Matthew Nguyen,Patton-Cruz,726,ECE,Y4,S6,E1
BK462,978-0-290-20766-2,ECE Y4 S6 E2,Sean Mcbride,Klein-Brown,589,ECE,Y4,S6,E2
BK463,978-1-398-85128-3,ECE Y4 S6 E3,Brittney Johnson,"Kim, Shields and Hall",620,ECE,Y4,S6,E3
BK464,978-1-198-47163-6,ECE Y4 S6 E4,Corey Robinson,Miller-Castillo,898,ECE,Y4,S6,E4
BK465,978-0-8300-2253-3,ECE Y4 S7 E1,Bradley Coleman,"Ward, Watts and Jackson",583,ECE,Y4,S7,E1
BK466,978-1-72628-624-4,ECE Y4 S7 E2,Dawn Perkins,Quinn-Lopez,866,ECE,Y4,S7,E2
BK467,978-0-14-962398-8,ECE Y4 S7 E3,Brandi Anderson,Rose-Avila,639,ECE,Y4,S7,E3
BK468,978-0-491-52476-6,ECE Y4 S7 E4,Rachel Brown,Holden PLC,693,ECE,Y4,S7,E4
BK469,978-1-70037-400-4,ECE Y4 S8 E1,James Rivera,"Jackson, Martinez and White",901,ECE,Y4,S8,E1
BK470,978-0-541-41714-7,ECE Y4 S8 E2,William Garrett,Williams-Cruz,816,ECE,Y4,S8,E2
BK471,978-1-77686-100-2,ECE Y4 S8 E3,Katie Washington,Davis-Sheppard,689,ECE,Y4,S8,E3
BK472,978-0-347-55528-9,ECE Y4 S8 E4,Noah Campbell,Hernandez Ltd,742,ECE,Y4,S8,E4
BK473,978-1-80708-466-0,ECE Y4 S9 E1,Wanda Watkins,Perez-Stark,860,ECE,Y4,S9,E1
BK474,978-1-309-03462-0,ECE Y4 S9 E2,Dale Ramirez,Rivera Inc,759,ECE,Y4,S9,E2
BK475,978-1-364-75890-5,ECE Y4 S9 E3,Angela Montes,Thomas PLC,649,ECE,Y4,S9,E3
BK476,978-1-05-040761-2,ECE Y4 S9 E4,Adam Fisher,Ponce-Reyes,697,ECE,Y4,S9,E4
BK477,978-0-482-02685-9,ECE Y4 S10 E1,Krystal Zavala,Roach-Hill,517,ECE,Y4,S10,E1
BK478,978-0-597-92374-6,ECE Y4 S10 E2,Jerry Chen,Murray and Sons,609,ECE,Y4,S10,E2
BK479,978-1-83580-636-4,ECE Y4 S10 E3,Donald Branch,Patel-Armstrong,872,ECE,Y4,S10,E3
BK480,978-0-314-30130-7,ECE Y4 S10 E4,Kyle Evans,"Sanchez, Lopez and Stephens",981,ECE,Y4,S10,E4
BK481,978-0-9940391-8-7,EEE Y1 S1 E1,Michele Espinoza,"Hunt, Brennan and Ward",520,EEE,Y1,S1,E1
BK482,978-0-566-53967-1,EEE Y1 S1 E2,Nancy Herrera,Gibson-Simmons,684,EEE,Y1,S1,E2
BK483,978-0-311-50905-8,EEE Y1 S1 E3,Jessica Peterson,"Fuentes, Juarez and Sanchez",895,EEE,Y1,S1,E3
BK484,978-0-939121-91-5,EEE Y1 S1 E4,Dennis Gardner V,Vasquez and Sons,610,EEE,Y1,S1,E4
BK485,978-0-7829-5997-0,EEE Y1 S2 E1,John Hogan,Powell-Sweeney,610,EEE,Y1,S2,E1
BK486,978-0-13-191827-6,EEE Y1 S2 E2,Michael Chavez,Baker-Jones,702,EEE,Y1,S2,E2
BK487,978-1-07-413871-4,EEE Y1 S2 E3,Daniel Harrison,Nelson-Potter,527,EEE,Y1,S2,E3
BK488,978-1-66034-760-5,EEE Y1 S2 E4,Barbara Little,Hall-Craig,854,EEE,Y1,S2,E4
BK489,978-0-16-841857-2,EEE Y1 S3 E1,William Pennington,"Benson, Barron and White",502,EEE,Y1,S3,E1
BK490,978-1-295-96906-7,EEE Y1 S3 E2,Rachael Hubbard,"Ali, Smith and Bennett",996,EEE,Y1,S3,E2
BK491,978-1-136-96030-7,EEE Y1 S3 E3,Marilyn Nielsen,Ramsey-Neal,696,EEE,Y1,S3,E3
BK492,978-1-4017-9264-0,EEE Y1 S3 E4,Jessica Clark,"Robbins, Shah and Martinez",919,EEE,Y1,S3,E4
BK493,978-0-596-59529-6,EEE Y1 S4 E1,Yolanda Mahoney,"Snow, Pope and Tucker",553,EEE,Y1,S4,E1
BK494,978-0-7531-9914-5,EEE Y1 S4 E2,Derrick Atkinson,"Hoover, Edwards and Armstrong",897,EEE,Y1,S4,E2
BK495,978-1-249-11762-9,EEE Y1 S4 E3,Cynthia Davis,Turner PLC,546,EEE,Y1,S4,E3
BK496,978-0-289-73188-8,EEE Y1 S4 E4,Francisco Reyes,Rivera-Phillips,997,EEE,Y1,S4,E4
BK497,978-0-06-776304-9,EEE Y1 S5 E1,Matthew Williams,Chapman-Morton,619,EEE,Y1,S5,E1
BK498,978-0-227-37102-2,EEE Y1 S5 E2,Brandy Kelly,Thomas-Powers,746,EEE,Y1,S5,E2
BK499,978-1-71558-591-4,EEE Y1 S5 E3,Andrew Payne,Mcguire-Hancock,922,EEE,Y1,S5,E3
BK500,978-0-06-325423-7,EEE Y1 S5 E4,Robert Lopez,"Cruz, Olson and Johnson",896,EEE,Y1,S5,E4
BK501,978-0-689-21032-7,EEE Y1 S6 E1,Angela Boyer,Terrell and Sons,583,EEE,Y1,S6,E1
BK502,978-1-180-41121-3,EEE Y1 S6 E2,George Reynolds,"Johnson, Horn and Coffey",549,EEE,Y1,S6,E2
BK503,978-0-908013-11-1,EEE Y1 S6 E3,Ronald Brooks,Martin Inc,908,EEE,Y1,S6,E3
BK504,978-0-337-86107-9,EEE Y1 S6 E4,Tracy Blanchard,"Mendoza, Turner and Chung",608,EEE,Y1,S6,E4
BK505,978-0-02-357576-1,EEE Y1 S7 E1,Jaclyn Mason,"Miller, Leach and Marsh",653,EEE,Y1,S7,E1
BK506,978-0-316-85394-1,EEE Y1 S7 E2,Robert White,Kane and Sons,889,EEE,Y1,S7,E2
BK507,978-0-06-668506-9,EEE Y1 S7 E3,Sean Carter,Dorsey-Obrien,898,EEE,Y1,S7,E3
BK508,978-0-474-87876-3,EEE Y1 S7 E4,David Brown,Jackson-Harris,583,EEE,Y1,S7,E4
BK509,978-1-84548-856-7,EEE Y1 S8 E1,Jeremy Smith,Smith Ltd,956,EEE,Y1,S8,E1
BK510,978-0-16-779111-9,EEE Y1 S8 E2,Brandi Garcia,Rivas and Sons,721,EEE,Y1,S8,E2
BK511,978-1-967166-60-2,EEE Y1 S8 E3,Erica Powell,"Anderson, Kelly and Morales",816,EEE,Y1,S8,E3
BK512,978-0-7157-8696-3,EEE Y1 S8 E4,Matthew Smith,Bennett-Franco,953,EEE,Y1,S8,E4
BK513,978-0-00-797817-5,EEE Y1 S9 E1,Karen Martin,Reyes and Sons,520,EEE,Y1,S9,E1
BK514,978-0-19-088349-2,EEE Y1 S9 E2,Sabrina Hampton,Miller-Buchanan,554,EEE,Y1,S9,E2
BK515,978-1-4399-9699-7,EEE Y1 S9 E3,Matthew Owen,"Cox, Lawrence and Wheeler",998,EEE,Y1,S9,E3
BK516,978-0-9996920-9-7,EEE Y1 S9 E4,Erica Baxter,Griffith-Henry,865,EEE,Y1,S9,E4
BK517,978-0-8201-1803-1,EEE Y1 S10 E1,Matthew Sutton,Anderson and Sons,632,EEE,Y1,S10,E1
BK518,978-0-320-02244-9,EEE Y1 S10 E2,Patrick Martinez,"Brown, Dalton and Allen",934,EEE,Y1,S10,E2
BK519,978-0-699-82361-6,EEE Y1 S10 E3,Becky Moore,Buckley PLC,527,EEE,Y1,S10,E3
BK520,978-0-926842-62-5,EEE Y1 S10 E4,Emily Flores,Davis-Martinez,591,EEE,Y1,S10,E4
BK521,978-0-458-46850-8,EEE Y2 S1 E1,Mark Cooper,"Thompson, Keith and Frost",948,EEE,Y2,S1,E1
BK522,978-0-349-96596-3,EEE Y2 S1 E2,Jennifer Jackson,Mack-Sutton,520,EEE,Y2,S1,E2
BK523,978-0-372-36551-8,EEE Y2 S1 E3,Patricia Williams,Wilkinson-Ingram,710,EEE,Y2,S1,E3
BK524,978-1-83786-651-9,EEE Y2 S1 E4,Judith Johnson,Walker-Duke,990,EEE,Y2,S1,E4
BK525,978-1-389-82205-6,EEE Y2 S2 E1,Elizabeth Warren,Griffin-Miles,532,EEE,Y2,S2,E1
BK526,978-1-78248-189-8,EEE Y2 S2 E2,Kaitlyn Rojas MD,Hartman PLC,685,EEE,Y2,S2,E2
BK527,978-0-7711-2253-8,EEE Y2 S2 E3,Timothy Johnson,Brown PLC,689,EEE,Y2,S2,E3
BK528,978-0-449-44010-0,EEE Y2 S2 E4,Chase Bowen,Coleman and Sons,837,EEE,Y2,S2,E4
BK529,978-1-03-511835-9,EEE Y2 S3 E1,Mr. Brian Anderson,"Clayton, Miller and Weber",760,EEE,Y2,S3,E1
BK530,978-0-12-211344-4,EEE Y2 S3 E2,James Barr,Pittman-Villarreal,899,EEE,Y2,S3,E2
BK531,978-1-4015-4427-0,EEE Y2 S3 E3,Jacob Black,Mckay-Thomas,889,EEE,Y2,S3,E3
BK532,978-0-9674112-0-0,EEE Y2 S3 E4,Maria Yoder,Davis PLC,747,EEE,Y2,S3,E4
BK533,978-0-295-09675-9,EEE Y2 S4 E1,Matthew Roberts,Lopez PLC,703,EEE,Y2,S4,E1
BK534,978-0-08-970443-3,EEE Y2 S4 E2,Caroline White,Fitzpatrick-Brown,540,EEE,Y2,S4,E2
BK535,978-1-335-16027-0,EEE Y2 S4 E3,Lauren Hughes,Bradley-Howell,666,EEE,Y2,S4,E3
BK536,978-1-108-06440-8,EEE Y2 S4 E4,Jennifer Short,Rodriguez-Arnold,555,EEE,Y2,S4,E4
BK537,978-0-257-98276-2,EEE Y2 S5 E1,John Gonzalez,"Humphrey, Allen and Chapman",962,EEE,Y2,S5,E1
BK538,978-0-361-99349-4,EEE Y2 S5 E2,Timothy Coleman,Robinson Inc,773,EEE,Y2,S5,E2
BK539,978-0-505-46010-3,EEE Y2 S5 E3,Sarah Collins,Brown-Mckenzie,799,EEE,Y2,S5,E3
BK540,978-0-07-747853-7,EEE Y2 S5 E4,Kelly Bruce,Kelly LLC,807,EEE,Y2,S5,E4
BK541,978-1-119-54315-2,EEE Y2 S6 E1,Jasmine Zimmerman,Brown-Martinez,780,EEE,Y2,S6,E1
BK542,978-0-7653-4021-4,EEE Y2 S6 E2,Kyle Goodwin,"Stein, Montgomery and Wilson",845,EEE,Y2,S6,E2
BK543,978-1-84361-118-9,EEE Y2 S6 E3,Desiree Garcia,Cochran-Harrison,923,EEE,Y2,S6,E3
BK544,978-0-928509-46-5,EEE Y2 S6 E4,Dawn Tucker,"Craig, Turner and Gibson",764,EEE,Y2,S6,E4
BK545,978-0-8260-0118-4,EEE Y2 S7 E1,Kyle Scott DDS,Bartlett Inc,715,EEE,Y2,S7,E1
BK546,978-0-11-923039-0,EEE Y2 S7 E2,Katherine Carey,"Richards, Malone and Stewart",716,EEE,Y2,S7,E2
BK547,978-1-63221-388-4,EEE Y2 S7 E3,Jonathan King,"Hampton, Walker and Woods",872,EEE,Y2,S7,E3
BK548,978-1-907682-59-9,EEE Y2 S7 E4,Mr. Christopher Soto,Wolf-Fritz,846,EEE,Y2,S7,E4
BK549,978-0-286-74296-2,EEE Y2 S8 E1,Yesenia Franklin,Cruz Group,690,EEE,Y2,S8,E1
BK550,978-0-7133-6826-0,EEE Y2 S8 E2,Shane Ortiz,Buchanan Inc,848,EEE,Y2,S8,E2
BK551,978-1-380-94733-8,EEE Y2 S8 E3,Raven Huerta,"Stein, Smith and Murphy",734,EEE,Y2,S8,E3
BK552,978-1-06-249169-2,EEE Y2 S8 E4,Daniel Allen,Robles PLC,968,EEE,Y2,S8,E4
BK553,978-0-86432-573-0,EEE Y2 S9 E1,Jeremy Mccann,"Miller, Cole and Powell",735,EEE,Y2,S9,E1
BK554,978-0-574-31051-4,EEE Y2 S9 E2,Wendy Robinson,Reynolds Inc,926,EEE,Y2,S9,E2
BK555,978-0-9524112-3-9,EEE Y2 S9 E3,David Salas,Espinoza-Ryan,906,EEE,Y2,S9,E3
BK556,978-0-545-92188-6,EEE Y2 S9 E4,Alicia Young,Simmons PLC,945,EEE,Y2,S9,E4
BK557,978-0-7844-4543-3,EEE Y2 S10 E1,Michael Shaffer,Baker Ltd,897,EEE,Y2,S10,E1
BK558,978-1-263-32743-1,EEE Y2 S10 E2,Melissa Stone,Long and Sons,738,EEE,Y2,S10,E2
BK559,978-0-354-42436-3,EEE Y2 S10 E3,John Keller,Boyd-Austin,746,EEE,Y2,S10,E3
BK560,978-1-101-14842-6,EEE Y2 S10 E4,Jennifer Anderson,Arnold-Miller,615,EEE,Y2,S10,E4
BK561,978-0-215-28014-5,EEE Y3 S1 E1,John Young,Hodge-Pineda,606,EEE,Y3,S1,E1
BK562,978-0-367-87396-7,EEE Y3 S1 E2,Christopher Miller,Lang-Mosley,650,EEE,Y3,S1,E2
BK563,978-0-689-55391-2,EEE Y3 S1 E3,Nancy Jones,Morrow Group,509,EEE,Y3,S1,E3
BK564,978-1-01-850396-7,EEE Y3 S1 E4,Mr. Timothy Bruce,"Smith, Holmes and Richmond",815,EEE,Y3,S1,E4
BK565,978-1-63100-804-7,EEE Y3 S2 E1,Debra Walker,"Bishop, Graham and Hardin",589,EEE,Y3,S2,E1
BK566,978-0-265-44300-2,EEE Y3 S2 E2,Willie Richards,Brown-Lowe,888,EEE,Y3,S2,E2
BK567,978-1-272-46664-0,EEE Y3 S2 E3,Johnny Marshall,Barnett Ltd,811,EEE,Y3,S2,E3
BK568,978-0-946491-68-1,EEE Y3 S2 E4,Nathan Ellis,Jones-Mendez,672,EEE,Y3,S2,E4
BK569,978-1-08-948822-4,EEE Y3 S3 E1,Lisa Bailey,"Butler, Brock and Moore",857,EEE,Y3,S3,E1
BK570,978-1-144-05875-1,EEE Y3 S3 E2,Tina Powell,Daniels-Shelton,818,EEE,Y3,S3,E2
BK571,978-0-921162-88-9,EEE Y3 S3 E3,Kathryn Johnson MD,"Moon, Delgado and Martin",808,EEE,Y3,S3,E3
BK572,978-1-112-71896-0,EEE Y3 S3 E4,Tyler Buchanan,"Thornton, Moss and Snow",565,EEE,Y3,S3,E4
BK573,978-0-281-63109-4,EEE Y3 S4 E1,Warren Lee,"Thomas, Jones and Gibson",859,EEE,Y3,S4,E1
BK574,978-1-55454-632-9,EEE Y3 S4 E2,Daniel Wright,Wilson Group,900,EEE,Y3,S4,E2
BK575,978-0-623-71870-4,EEE Y3 S4 E3,Jacob Collins,Moran-Wilkerson,812,EEE,Y3,S4,E3
BK576,978-0-8391-8696-0,EEE Y3 S4 E4,Danielle Harris,Garcia and Sons,908,EEE,Y3,S4,E4
BK577,978-1-4363-0212-8,EEE Y3 S5 E1,Susan Aguirre,"Espinoza, Mcdonald and Lopez",964,EEE,Y3,S5,E1
BK578,978-1-4457-7708-5,EEE Y3 S5 E2,Stephanie Nelson,"Murphy, Gibson and Johnson",815,EEE,Y3,S5,E2
BK579,978-0-559-22796-7,EEE Y3 S5 E3,Joseph Anderson,Mitchell-Clements,727,EEE,Y3,S5,E3
BK580,978-1-371-40927-2,EEE Y3 S5 E4,Diane Rodriguez,Stout and Sons,546,EEE,Y3,S5,E4
BK581,978-0-8137-9153-1,EEE Y3 S6 E1,Brian Johnson,"Marsh, Sanford and Wilson",681,EEE,Y3,S6,E1
BK582,978-1-4466-6317-2,EEE Y3 S6 E2,Sandra Kline,Jones-Steele,509,EEE,Y3,S6,E2
BK583,978-1-958616-75-8,EEE Y3 S6 E3,Melissa Wall,Vega-Sanders,999,EEE,Y3,S6,E3
BK584,978-1-79263-549-6,EEE Y3 S6 E4,Michael Graham,"Hall, Martinez and Perkins",619,EEE,Y3,S6,E4
BK585,978-1-285-78493-9,EEE Y3 S7 E1,Sarah Perez,"Bailey, Cervantes and Ramsey",723,EEE,Y3,S7,E1
BK586,978-0-676-53529-7,EEE Y3 S7 E2,Marco Stephenson,Davidson Ltd,576,EEE,Y3,S7,E2
BK587,978-1-291-31574-5,EEE Y3 S7 E3,Mark Garcia,Jordan-Powers,587,EEE,Y3,S7,E3
BK588,978-1-58891-367-8,EEE Y3 S7 E4,Paula Johnson,"Henderson, Wolfe and Garrison",946,EEE,Y3,S7,E4
BK589,978-1-61767-136-4,EEE Y3 S8 E1,Ashley Baker,"Martin, Harris and Howard",512,EEE,Y3,S8,E1
BK590,978-0-337-16514-6,EEE Y3 S8 E2,Andrea Cook,"Medina, Coleman and Brown",803,EEE,Y3,S8,E2
BK591,978-1-164-51787-0,EEE Y3 S8 E3,Rebecca Dodson,Wilson-Fisher,696,EEE,Y3,S8,E3
BK592,978-1-334-16347-0,EEE Y3 S8 E4,James Fischer,"Smith, Flores and Bass",841,EEE,Y3,S8,E4
BK593,978-0-945717-18-8,EEE Y3 S9 E1,Ronald Sanders,"Dominguez, Harris and Best",929,EEE,Y3,S9,E1
BK594,978-1-132-40319-8,EEE Y3 S9 E2,Dustin Pineda,Collins-Walker,883,EEE,Y3,S9,E2
BK595,978-1-4964-6434-7,EEE Y3 S9 E3,Miranda Hall,"Chang, Lee and Crawford",834,EEE,Y3,S9,E3
BK596,978-1-886159-17-4,EEE Y3 S9 E4,Mr. Jeremy Bowen MD,Williams-Doyle,609,EEE,Y3,S9,E4
BK597,978-0-397-07357-3,EEE Y3 S10 E1,Joy Griffin,"Thomas, Holmes and Johnson",572,EEE,Y3,S10,E1
BK598,978-1-107-35971-0,EEE Y3 S10 E2,Crystal Briggs,Ramirez-George,789,EEE,Y3,S10,E2
BK599,978-1-4678-5063-6,EEE Y3 S10 E3,Nicole Booth,"Nelson, Salas and Johnson",772,EEE,Y3,S10,E3
BK600,978-1-00-427956-2,EEE Y3 S10 E4,Veronica Todd,Johnson-Gross,993,EEE,Y3,S10,E4
BK601,978-1-110-72902-9,EEE Y4 S1 E1,Sydney Harris,"Gordon, Herrera and Schmidt",674,EEE,Y4,S1,E1
BK602,978-1-9990181-3-9,EEE Y4 S1 E2,Kyle Schmidt,Knight-Le,533,EEE,Y4,S1,E2
BK603,978-0-8236-6367-5,EEE Y4 S1 E3,Hannah Sheppard,Thomas-Rodriguez,964,EEE,Y4,S1,E3
BK604,978-1-363-61571-1,EEE Y4 S1 E4,Joseph Webb,"Mann, Morgan and Duke",926,EEE,Y4,S1,E4
BK605,978-1-149-32416-5,EEE Y4 S2 E1,Michael Graves,"Mcdonald, Leonard and Mcguire",586,EEE,Y4,S2,E1
BK606,978-1-01-196693-6,EEE Y4 S2 E2,Felicia Brown,Banks-Perkins,793,EEE,Y4,S2,E2
BK607,978-0-237-81089-4,EEE Y4 S2 E3,Christian Johnston,Walker Inc,885,EEE,Y4,S2,E3
BK608,978-1-4507-2024-3,EEE Y4 S2 E4,Micheal Torres,"Wright, Schmidt and Conrad",832,EEE,Y4,S2,E4
BK609,978-1-172-13467-0,EEE Y4 S3 E1,Paul Hernandez,Harvey Group,954,EEE,Y4,S3,E1
BK610,978-0-7430-0291-2,EEE Y4 S3 E2,April Obrien,Fowler-Jackson,803,EEE,Y4,S3,E2
BK611,978-1-65074-447-6,EEE Y4 S3 E3,Jason Smith,Lopez PLC,777,EEE,Y4,S3,E3
BK612,978-0-249-49675-8,EEE Y4 S3 E4,Jacqueline Gutierrez,Hensley-Morris,914,EEE,Y4,S3,E4
BK613,978-1-157-26836-9,EEE Y4 S4 E1,Eugene Valdez,Ramirez Group,999,EEE,Y4,S4,E1
BK614,978-0-499-26870-9,EEE Y4 S4 E2,John Mack,"Russell, Burns and Mcfarland",958,EEE,Y4,S4,E2
BK615,978-0-222-64475-6,EEE Y4 S4 E3,Karen Johnson,Vang-Johnson,573,EEE,Y4,S4,E3
BK616,978-1-4437-4532-1,EEE Y4 S4 E4,Allison Hunt,"Smith, Hays and Smith",946,EEE,Y4,S4,E4
BK617,978-0-00-584266-9,EEE Y4 S5 E1,Oscar Cole,"Williamson, Chen and Peters",897,EEE,Y4,S5,E1
BK618,978-0-7182-1711-2,EEE Y4 S5 E2,Tammy Oliver,"Smith, Rivera and Bryant",913,EEE,Y4,S5,E2
BK619,978-1-4790-4614-0,EEE Y4 S5 E3,Michelle Downs,"Mason, Frazier and Foster",793,EEE,Y4,S5,E3
BK620,978-0-265-08522-6,EEE Y4 S5 E4,James Cole,Lowe-Wood,840,EEE,Y4,S5,E4
BK621,978-0-917713-84-2,EEE Y4 S6 E1,Mrs. Tina Hall,"Cervantes, Zimmerman and Poole",666,EEE,Y4,S6,E1
BK622,978-1-883056-91-9,EEE Y4 S6 E2,Mr. Frank Buck,Terry-Castillo,838,EEE,Y4,S6,E2
BK623,978-1-4735-0686-2,EEE Y4 S6 E3,Nicholas Padilla,"Evans, Moore and Cooper",674,EEE,Y4,S6,E3
BK624,978-0-14-825899-0,EEE Y4 S6 E4,John King,Rodgers Group,728,EEE,Y4,S6,E4
BK625,978-1-5119-1010-1,EEE Y4 S7 E1,Christopher Ballard,Washington-Anderson,649,EEE,Y4,S7,E1
BK626,978-1-07-330410-3,EEE Y4 S7 E2,Susan Farmer,Ruiz Ltd,903,EEE,Y4,S7,E2
BK627,978-1-01-579884-7,EEE Y4 S7 E3,Stephen Green,Gentry-Murray,563,EEE,Y4,S7,E3
BK628,978-1-66888-502-4,EEE Y4 S7 E4,Pamela Thomas,"Anderson, Harper and Gray",563,EEE,Y4,S7,E4
BK629,978-1-02-331070-3,EEE Y4 S8 E1,Jessica Martinez,"Erickson, Butler and Jones",795,EEE,Y4,S8,E1
BK630,978-1-237-19870-8,EEE Y4 S8 E2,Johnny Leblanc,"Cruz, Norton and Chase",656,EEE,Y4,S8,E2
BK631,978-1-5127-1913-0,EEE Y4 S8 E3,Vanessa Villegas,Klein Ltd,627,EEE,Y4,S8,E3
BK632,978-0-944024-60-7,EEE Y4 S8 E4,George Munoz,Ferguson-Lucero,934,EEE,Y4,S8,E4
BK633,978-0-488-11523-6,EEE Y4 S9 E1,John Braun,Crosby LLC,760,EEE,Y4,S9,E1
BK634,978-1-84175-217-4,EEE Y4 S9 E2,Kayla Woods,Carr LLC,570,EEE,Y4,S9,E2
BK635,978-0-924470-78-3,EEE Y4 S9 E3,Mr. Alexander Taylor,Brock LLC,747,EEE,Y4,S9,E3
BK636,978-0-7146-4920-7,EEE Y4 S9 E4,John Bryant,Thompson-Andrews,675,EEE,Y4,S9,E4
BK637,978-0-527-49137-6,EEE Y4 S10 E1,Kristin Owen,Gonzalez and Sons,593,EEE,Y4,S10,E1
BK638,978-0-86192-560-5,EEE Y4 S10 E2,John Mccoy,Hall-Velasquez,989,EEE,Y4,S10,E2
BK639,978-0-18-868986-0,EEE Y4 S10 E3,Joseph Medina,Watson-Russo,960,EEE,Y4,S10,E3
BK640,978-1-311-41508-0,EEE Y4 S10 E4,Joshua Pruitt,Chambers Group,900,EEE,Y4,S10,E4
BK641,978-1-02-771301-2,IT Y1 S1 E1,Lawrence Jackson,"Fitzpatrick, Johns and Allen",785,IT,Y1,S1,E1
BK642,978-1-948752-35-0,IT Y1 S1 E2,Kristine Pittman,Howard Ltd,689,IT,Y1,S1,E2
BK643,978-0-17-184712-3,IT Y1 S1 E3,Veronica Beck,Strong PLC,853,IT,Y1,S1,E3
BK644,978-0-452-39201-4,IT Y1 S1 E4,Beth Hernandez,Barton-Soto,970,IT,Y1,S1,E4
BK645,978-1-242-25883-1,IT Y1 S2 E1,Richard Vance,Murray-Melendez,729,IT,Y1,S2,E1
BK646,978-0-939751-28-0,IT Y1 S2 E2,Tina Allen,Adams Group,774,IT,Y1,S2,E2
BK647,978-0-469-21555-9,IT Y1 S2 E3,Laurie Gomez,"Gutierrez, Montgomery and Flores",527,IT,Y1,S2,E3
BK648,978-0-610-72694-1,IT Y1 S2 E4,Donna Foley,Bishop-Scott,993,IT,Y1,S2,E4
BK649,978-0-216-94215-8,IT Y1 S3 E1,Jason Mercer,"Flores, Clark and Cortez",899,IT,Y1,S3,E1
BK650,978-1-221-25428-1,IT Y1 S3 E2,Jorge Warren,Boyd-Singleton,968,IT,Y1,S3,E2
BK651,978-0-207-01058-3,IT Y1 S3 E3,Jared Wright,"Rice, Rodriguez and Vazquez",951,IT,Y1,S3,E3
BK652,978-0-673-89155-6,IT Y1 S3 E4,Heidi Gregory,White-Cohen,538,IT,Y1,S3,E4
BK653,978-1-192-73261-0,IT Y1 S4 E1,Shannon Myers,Ortiz Inc,959,IT,Y1,S4,E1
BK654,978-1-85916-626-0,IT Y1 S4 E2,Anna Anderson,"Miller, Burke and Romero",528,IT,Y1,S4,E2
BK655,978-0-699-57178-4,IT Y1 S4 E3,James Thornton,Holmes PLC,660,IT,Y1,S4,E3
BK656,978-1-153-35191-1,IT Y1 S4 E4,Michael Ellis,"Bass, Harrison and Fisher",950,IT,Y1,S4,E4
BK657,978-1-4123-0929-5,IT Y1 S5 E1,Alexander Powell,"Lucas, Romero and Moran",724,IT,Y1,S5,E1
BK658,978-0-508-94728-1,IT Y1 S5 E2,Amanda Simpson,"Crawford, Mata and Anderson",744,IT,Y1,S5,E2
BK659,978-1-77499-148-0,IT Y1 S5 E3,Juan Cooley,Mclean LLC,821,IT,Y1,S5,E3
BK660,978-0-532-64124-7,IT Y1 S5 E4,Christine Sanders,Allen-Rivera,716,IT,Y1,S5,E4
BK661,978-1-79541-179-0,IT Y1 S6 E1,David Kelly,Randall Group,797,IT,Y1,S6,E1
BK662,978-1-80270-932-2,IT Y1 S6 E2,John Schmitt,Rios and Sons,520,IT,Y1,S6,E2
BK663,978-0-604-70623-2,IT Y1 S6 E3,Laura Horton,Clark Inc,828,IT,Y1,S6,E3
BK664,978-1-246-22061-2,IT Y1 S6 E4,Jessica Dillon,"Warren, Chavez and Pruitt",851,IT,Y1,S6,E4
BK665,978-1-253-16900-3,IT Y1 S7 E1,Amanda Crawford,Miller LLC,759,IT,Y1,S7,E1
BK666,978-1-382-80355-7,IT Y1 S7 E2,Margaret Sharp,Wilson-Franco,746,IT,Y1,S7,E2
BK667,978-0-669-95350-3,IT Y1 S7 E3,Alejandro Sanchez,Arnold Inc,809,IT,Y1,S7,E3
BK668,978-0-917293-59-7,IT Y1 S7 E4,Caitlyn Monroe,"Clark, Martin and Hogan",618,IT,Y1,S7,E4
BK669,978-0-8388-8773-8,IT Y1 S8 E1,Courtney Parsons,James-Harvey,894,IT,Y1,S8,E1
BK670,978-0-03-056993-7,IT Y1 S8 E2,Linda Mcclain,"Rodgers, Alvarez and Case",822,IT,Y1,S8,E2
BK671,978-0-633-95545-8,IT Y1 S8 E3,Michael Davis,Ferguson LLC,981,IT,Y1,S8,E3
BK672,978-0-03-274061-7,IT Y1 S8 E4,Jeffrey Baker,Nelson-Wilson,638,IT,Y1,S8,E4
BK673,978-0-580-76462-2,IT Y1 S9 E1,Samantha Mueller,Elliott-Pham,779,IT,Y1,S9,E1
BK674,978-0-548-30060-2,IT Y1 S9 E2,Ashley Henderson,"Meyer, Osborne and Davis",696,IT,Y1,S9,E2
BK675,978-1-5273-7951-0,IT Y1 S9 E3,Joel Fletcher,"Cantu, Sanders and Campbell",676,IT,Y1,S9,E3
BK676,978-1-5273-4736-6,IT Y1 S9 E4,Sydney Blair,Ward-Phelps,970,IT,Y1,S9,E4
BK677,978-1-03-852587-1,IT Y1 S10 E1,Phillip Potts,"Baker, Hahn and Tapia",701,IT,Y1,S10,E1
BK678,978-0-339-15950-1,IT Y1 S10 E2,Richard Jones,"Lee, Rodriguez and Henderson",804,IT,Y1,S10,E2
BK679,978-1-63954-824-8,IT Y1 S10 E3,Paula Yates,"Hill, Davis and Adams",573,IT,Y1,S10,E3
BK680,978-1-198-42475-5,IT Y1 S10 E4,Levi Garrett,Perez Inc,875,IT,Y1,S10,E4
BK681,978-1-06-816449-1,IT Y2 S1 E1,Shawna Irwin,Haynes-Gomez,975,IT,Y2,S1,E1
BK682,978-0-7582-5607-2,IT Y2 S1 E2,Stacey Spencer,"Massey, Morales and Garcia",929,IT,Y2,S1,E2
BK683,978-0-541-89231-9,IT Y2 S1 E3,John Parker,Bush and Sons,652,IT,Y2,S1,E3
BK684,978-0-87472-712-8,IT Y2 S1 E4,Kenneth Johnson,Davis PLC,685,IT,Y2,S1,E4
BK685,978-1-268-41216-3,IT Y2 S2 E1,Brittany Tate,Parks PLC,577,IT,Y2,S2,E1
BK686,978-1-246-76667-7,IT Y2 S2 E2,James Navarro,Wright LLC,520,IT,Y2,S2,E2
BK687,978-1-07-252039-9,IT Y2 S2 E3,Michael Hart,Zamora-Hayes,768,IT,Y2,S2,E3
BK688,978-0-245-99535-4,IT Y2 S2 E4,Sandra Johnson,"Rangel, Salas and Smith",799,IT,Y2,S2,E4
BK689,978-1-4394-8202-5,IT Y2 S3 E1,Debra Garrett,"Fisher, Monroe and Lee",748,IT,Y2,S3,E1
BK690,978-1-86007-976-4,IT Y2 S3 E2,Christine Costa,Ryan Group,565,IT,Y2,S3,E2
BK691,978-1-152-21725-6,IT Y2 S3 E3,Darren Russell,"Ryan, Good and Fuentes",711,IT,Y2,S3,E3
BK692,978-1-4232-3402-9,IT Y2 S3 E4,Lisa Johnston,Clark-Gibson,605,IT,Y2,S3,E4
BK693,978-0-88109-646-0,IT Y2 S4 E1,Katherine Porter,"Ortega, Alexander and Jackson",992,IT,Y2,S4,E1
BK694,978-0-12-251953-6,IT Y2 S4 E2,Shelly Flores,Rodriguez Inc,758,IT,Y2,S4,E2
BK695,978-1-222-86270-6,IT Y2 S4 E3,Pamela Martinez,"Shaw, Tucker and Baker",905,IT,Y2,S4,E3
BK696,978-1-196-90995-7,IT Y2 S4 E4,Edward Bryant,Mitchell-Wilson,623,IT,Y2,S4,E4
BK697,978-0-89241-243-3,IT Y2 S5 E1,Steven Miller,Garcia Group,509,IT,Y2,S5,E1
BK698,978-1-63589-645-9,IT Y2 S5 E2,David Logan,Berg-Garcia,508,IT,Y2,S5,E2
BK699,978-0-398-98027-6,IT Y2 S5 E3,Aaron Campbell,Burke-Flores,583,IT,Y2,S5,E3
BK700,978-0-934031-37-0,IT Y2 S5 E4,Tracy Wilkerson,Russo Inc,806,IT,Y2,S5,E4
BK701,978-1-66369-903-9,IT Y2 S6 E1,Amy Hampton,"Morris, Garcia and Juarez",760,IT,Y2,S6,E1
BK702,978-1-65836-001-2,IT Y2 S6 E2,Christina Green,"Rios, Mcdonald and Lozano",959,IT,Y2,S6,E2
BK703,978-0-06-407218-2,IT Y2 S6 E3,Gabriel Clark,Elliott PLC,610,IT,Y2,S6,E3
BK704,978-0-367-60644-2,IT Y2 S6 E4,Barry Acosta,"Olson, Brown and Cisneros",744,IT,Y2,S6,E4
BK705,978-0-388-52461-9,IT Y2 S7 E1,Kimberly Calderon,"Strickland, Mccann and Harris",580,IT,Y2,S7,E1
BK706,978-1-4646-2896-2,IT Y2 S7 E2,Rachel Rodriguez,Howell-Ellis,639,IT,Y2,S7,E2
BK707,978-1-307-23601-9,IT Y2 S7 E3,Christine Jackson,"Rasmussen, Sanchez and Johnson",985,IT,Y2,S7,E3
BK708,978-0-900375-57-6,IT Y2 S7 E4,Keith Gonzalez,Nolan LLC,743,IT,Y2,S7,E4
BK709,978-1-06-141341-1,IT Y2 S8 E1,Beverly Washington,Lewis LLC,863,IT,Y2,S8,E1
BK710,978-1-68064-227-8,IT Y2 S8 E2,Paige Pratt,Murray Ltd,986,IT,Y2,S8,E2
BK711,978-1-57218-257-8,IT Y2 S8 E3,Alicia Gray,"Ortiz, Brady and Watson",692,IT,Y2,S8,E3
BK712,978-1-4393-9044-3,IT Y2 S8 E4,Martha Hood,Huang-Huerta,766,IT,Y2,S8,E4
BK713,978-0-278-67316-8,IT Y2 S9 E1,Thomas Cole,"Chapman, Macdonald and Harmon",861,IT,Y2,S9,E1
BK714,978-1-01-161809-5,IT Y2 S9 E2,Jessica Parker,"Morales, Ruiz and Clark",902,IT,Y2,S9,E2
BK715,978-1-112-23778-2,IT Y2 S9 E3,Robert Davidson,Hudson Inc,886,IT,Y2,S9,E3
BK716,978-0-255-78197-8,IT Y2 S9 E4,Bryan Carter,Figueroa Inc,925,IT,Y2,S9,E4
BK717,978-1-61855-959-3,IT Y2 S10 E1,Randy Smith,Lozano and Sons,706,IT,Y2,S10,E1
BK718,978-0-85242-330-1,IT Y2 S10 E2,Cheryl Peck,"Gill, Moore and Griffin",962,IT,Y2,S10,E2
BK719,978-0-475-28597-3,IT Y2 S10 E3,Donald Taylor,"Martinez, Henry and Morrison",925,IT,Y2,S10,E3
BK720,978-0-7704-8247-3,IT Y2 S10 E4,Edwin Manning,"Thomas, Fisher and Levy",623,IT,Y2,S10,E4
BK721,978-0-336-30367-9,IT Y3 S1 E1,Olivia Ibarra DDS,Reed-Harris,668,IT,Y3,S1,E1
BK722,978-0-600-55064-8,IT Y3 S1 E2,Tom Smith,Frank-Baker,966,IT,Y3,S1,E2
BK723,978-1-971677-49-1,IT Y3 S1 E3,Jason Nelson,"Mercado, Cooper and Jimenez",954,IT,Y3,S1,E3
BK724,978-0-259-88469-9,IT Y3 S1 E4,Alexis Harris,Hobbs and Sons,513,IT,Y3,S1,E4
BK725,978-1-142-90129-5,IT Y3 S2 E1,Stephen Smith,"Moody, Reid and Warner",915,IT,Y3,S2,E1
BK726,978-0-18-681262-8,IT Y3 S2 E2,Deanna Gentry,Boyer-Riley,597,IT,Y3,S2,E2
BK727,978-1-111-72942-4,IT Y3 S2 E3,Amanda Braun,"Myers, Cohen and Reynolds",845,IT,Y3,S2,E3
BK728,978-0-387-00582-9,IT Y3 S2 E4,Paul Gilmore,"Warren, Lawson and Luna",936,IT,Y3,S2,E4
BK729,978-0-201-94297-2,IT Y3 S3 E1,Joseph Wells,Davenport-Booker,938,IT,Y3,S3,E1
BK730,978-0-277-15771-3,IT Y3 S3 E2,Brittany Jones,Kim-Williams,587,IT,Y3,S3,E2
BK731,978-1-00-401592-4,IT Y3 S3 E3,Steve Green,Santos Group,946,IT,Y3,S3,E3
BK732,978-1-64394-085-4,IT Y3 S3 E4,Tiffany Schultz,Krueger-Terry,854,IT,Y3,S3,E4
BK733,978-0-908782-34-5,IT Y3 S4 E1,Danielle Little,Campos and Sons,907,IT,Y3,S4,E1
BK734,978-0-8425-9528-5,IT Y3 S4 E2,Antonio Garner,Sullivan Ltd,795,IT,Y3,S4,E2
BK735,978-0-03-926819-0,IT Y3 S4 E3,Nichole Harding,Brown and Sons,709,IT,Y3,S4,E3
BK736,978-0-7588-1690-0,IT Y3 S4 E4,Matthew Washington,"Holland, Phillips and Kennedy",819,IT,Y3,S4,E4
BK737,978-1-4144-9282-7,IT Y3 S5 E1,Kristin Cooper,Evans and Sons,982,IT,Y3,S5,E1
BK738,978-0-916990-06-0,IT Y3 S5 E2,Dennis Li,Stewart Ltd,641,IT,Y3,S5,E2
BK739,978-1-4805-7072-6,IT Y3 S5 E3,Ronald Morgan,Pope and Sons,596,IT,Y3,S5,E3
BK740,978-1-61611-282-0,IT Y3 S5 E4,Brent Weber,Burnett PLC,864,IT,Y3,S5,E4
BK741,978-0-375-36822-6,IT Y3 S6 E1,Samuel Powell,Lee-Shea,854,IT,Y3,S6,E1
BK742,978-1-5084-1689-0,IT Y3 S6 E2,Greg Lopez,Sanchez Group,725,IT,Y3,S6,E2
BK743,978-0-8272-8806-5,IT Y3 S6 E3,Troy Moreno,Barber-Gonzalez,943,IT,Y3,S6,E3
BK744,978-1-83475-481-9,IT Y3 S6 E4,Nicole Moore,"Frazier, Walters and Novak",824,IT,Y3,S6,E4
BK745,978-0-08-526466-5,IT Y3 S7 E1,Dr. Jerry Mora,Patterson LLC,857,IT,Y3,S7,E1
BK746,978-0-439-46286-0,IT Y3 S7 E2,Zachary Phillips Jr.,Powell-Payne,985,IT,Y3,S7,E2
BK747,978-1-02-423173-1,IT Y3 S7 E3,Kevin Berry,Gardner-Randall,517,IT,Y3,S7,E3
BK748,978-1-291-04664-9,IT Y3 S7 E4,Jason Young,"Shields, Smith and Carney",891,IT,Y3,S7,E4
BK749,978-1-279-46786-2,IT Y3 S8 E1,Ashley Hill,West Group,600,IT,Y3,S8,E1
BK750,978-0-16-214260-2,IT Y3 S8 E2,Kimberly Hudson,Sanchez-Johnson,918,IT,Y3,S8,E2
BK751,978-0-915916-52-8,IT Y3 S8 E3,Sarah Clarke,Cooper-Castillo,737,IT,Y3,S8,E3
BK752,978-1-4066-9608-0,IT Y3 S8 E4,Robert Myers,Campbell-Allen,764,IT,Y3,S8,E4
BK753,978-1-56890-397-2,IT Y3 S9 E1,Lori Brewer,Wong-Tanner,687,IT,Y3,S9,E1
BK754,978-0-262-00558-6,IT Y3 S9 E2,Deanna Bailey,Sullivan-Hoffman,818,IT,Y3,S9,E2
BK755,978-0-268-89420-7,IT Y3 S9 E3,Casey West,"Fletcher, Wiley and Weeks",502,IT,Y3,S9,E3
BK756,978-0-7413-4776-3,IT Y3 S9 E4,Matthew Charles,"Thomas, Smith and Miller",957,IT,Y3,S9,E4
BK757,978-0-220-75244-6,IT Y3 S10 E1,Kenneth Shea,Hart PLC,953,IT,Y3,S10,E1
BK758,978-0-319-51967-7,IT Y3 S10 E2,Kyle Hansen,Smith-Cruz,832,IT,Y3,S10,E2
BK759,978-0-213-12471-7,IT Y3 S10 E3,Barbara Lopez,Hill Ltd,992,IT,Y3,S10,E3
BK760,978-1-07-213913-3,IT Y3 S10 E4,Lucas Alvarado,Delgado Ltd,810,IT,Y3,S10,E4
BK761,978-1-4504-4715-7,IT Y4 S1 E1,Angela Brooks,Rivera Group,676,IT,Y4,S1,E1
BK762,978-1-70716-199-7,IT Y4 S1 E2,Victoria White,"Higgins, Sanchez and Smith",725,IT,Y4,S1,E2
BK763,978-1-4812-6322-1,IT Y4 S1 E3,Paula Brown,"Jones, Griffin and Golden",767,IT,Y4,S1,E3
BK764,978-1-61132-250-7,IT Y4 S1 E4,Malik Mcmahon,Smith Group,824,IT,Y4,S1,E4
BK765,978-1-200-06579-2,IT Y4 S2 E1,Nicole Porter,Sanford Ltd,698,IT,Y4,S2,E1
BK766,978-0-935628-56-2,IT Y4 S2 E2,Larry Page,Hood LLC,649,IT,Y4,S2,E2
BK767,978-0-16-979340-1,IT Y4 S2 E3,Emily Moon,"Peters, Smith and Page",982,IT,Y4,S2,E3
BK768,978-1-356-71637-1,IT Y4 S2 E4,Jessica Jackson,Carroll PLC,575,IT,Y4,S2,E4
BK769,978-0-02-647850-2,IT Y4 S3 E1,Mr. Jason Johnson,Little Group,571,IT,Y4,S3,E1
BK770,978-1-76010-800-7,IT Y4 S3 E2,Michael Medina,Lindsey-Whitaker,797,IT,Y4,S3,E2
BK771,978-0-681-61091-0,IT Y4 S3 E3,Lynn Wilson,"Mcguire, Parks and Miller",892,IT,Y4,S3,E3
BK772,978-1-197-40415-4,IT Y4 S3 E4,Thomas Quinn,Thomas-Castro,641,IT,Y4,S3,E4
BK773,978-0-7573-5082-5,IT Y4 S4 E1,James Huber,"Grimes, Scott and Ingram",774,IT,Y4,S4,E1
BK774,978-1-328-48809-1,IT Y4 S4 E2,Jared Edwards,"Pierce, Coffey and Haley",978,IT,Y4,S4,E2
BK775,978-0-03-770303-7,IT Y4 S4 E3,Kyle Lucero,"Watkins, Ingram and Johnson",753,IT,Y4,S4,E3
BK776,978-1-64039-267-0,IT Y4 S4 E4,David Keller,Anderson Group,722,IT,Y4,S4,E4
BK777,978-0-216-77000-3,IT Y4 S5 E1,Arthur Fields,"Little, Bailey and Bray",979,IT,Y4,S5,E1
BK778,978-0-9703980-0-0,IT Y4 S5 E2,Dawn Gibson,Ellison-Murphy,662,IT,Y4,S5,E2
BK779,978-0-915421-99-2,IT Y4 S5 E3,Sherry Dunn,Bailey and Sons,970,IT,Y4,S5,E3
BK780,978-1-70341-971-9,IT Y4 S5 E4,Anthony Medina,Cole Inc,753,IT,Y4,S5,E4
BK781,978-0-932183-10-1,IT Y4 S6 E1,Patricia Kim,Barber-Harding,927,IT,Y4,S6,E1
BK782,978-1-359-06890-3,IT Y4 S6 E2,Antonio Miller,Steele Ltd,623,IT,Y4,S6,E2
BK783,978-0-14-348489-9,IT Y4 S6 E3,Cynthia Romero,Murray-Hicks,657,IT,Y4,S6,E3
BK784,978-1-395-48427-9,IT Y4 S6 E4,Anna Bates,"Wood, Singleton and Andrews",755,IT,Y4,S6,E4
BK785,978-0-572-34394-1,IT Y4 S7 E1,Lindsey Mcgrath,"Curtis, Klein and Woods",985,IT,Y4,S7,E1
BK786,978-1-200-18980-1,IT Y4 S7 E2,Paula Marshall,Warren and Sons,624,IT,Y4,S7,E2
BK787,978-1-55358-042-3,IT Y4 S7 E3,Rebecca Arnold,Dickerson and Sons,580,IT,Y4,S7,E3
BK788,978-1-300-37244-8,IT Y4 S7 E4,Eric Moore,"Wagner, Ford and Gardner",808,IT,Y4,S7,E4
BK789,978-0-03-943723-7,IT Y4 S8 E1,Dana Reed,Herrera LLC,994,IT,Y4,S8,E1
BK790,978-1-329-43268-0,IT Y4 S8 E2,Robyn Harper,Williams PLC,587,IT,Y4,S8,E2
BK791,978-0-219-71317-5,IT Y4 S8 E3,Brent Jones,Estrada-Brown,657,IT,Y4,S8,E3
BK792,978-0-652-10758-6,IT Y4 S8 E4,Meredith Peterson,Alvarez and Sons,815,IT,Y4,S8,E4
BK793,978-1-173-76072-4,IT Y4 S9 E1,Zoe Taylor,"Castillo, Buck and Holt",616,IT,Y4,S9,E1
BK794,978-1-356-99195-2,IT Y4 S9 E2,Shane Galvan,Martinez Ltd,554,IT,Y4,S9,E2
BK795,978-1-72071-309-8,IT Y4 S9 E3,Gregory Sanchez,"Perez, Henderson and Williams",855,IT,Y4,S9,E3
BK796,978-1-910640-04-3,IT Y4 S9 E4,Sharon Mullins,Campbell and Sons,587,IT,Y4,S9,E4
BK797,978-1-231-13212-8,IT Y4 S10 E1,Calvin Howard,Garrett-Reyes,948,IT,Y4,S10,E1
BK798,978-0-216-44453-9,IT Y4 S10 E2,Anita Bush,"Lewis, Carroll and Ramirez",728,IT,Y4,S10,E2
BK799,978-0-519-60202-5,IT Y4 S10 E3,Troy Berg,Rogers Inc,945,IT,Y4,S10,E3
BK800,978-1-63086-353-1,IT Y4 S10 E4,Jeffrey Sims,Allen-Sexton,857,IT,Y4,S10,E4
BK801,978-0-487-58778-2,MECH Y1 S1 E1,Michael Patterson,"Harmon, Montgomery and Fischer",884,MECH,Y1,S1,E1
BK802,978-0-698-91443-8,MECH Y1 S1 E2,Tara Bridges,Fox Inc,812,MECH,Y1,S1,E2
BK803,978-1-370-78296-3,MECH Y1 S1 E3,Nancy Alexander,Sanford-Robinson,518,MECH,Y1,S1,E3
BK804,978-0-7872-2608-4,MECH Y1 S1 E4,Christine Leon,Cortez-Kelley,694,MECH,Y1,S1,E4
BK805,978-0-14-985933-2,MECH Y1 S2 E1,David Adams,"Levy, Parker and Tapia",992,MECH,Y1,S2,E1
BK806,978-1-60255-932-5,MECH Y1 S2 E2,Linda Gentry,"Daniels, Galvan and Mendoza",501,MECH,Y1,S2,E2
BK807,978-1-81823-248-7,MECH Y1 S2 E3,Christine Duffy,Hudson LLC,810,MECH,Y1,S2,E3
BK808,978-1-60059-684-1,MECH Y1 S2 E4,Justin Johnson,Henry Ltd,577,MECH,Y1,S2,E4
BK809,978-0-545-93082-6,MECH Y1 S3 E1,Nathan Pitts,Ellis-Martin,633,MECH,Y1,S3,E1
BK810,978-1-62872-974-0,MECH Y1 S3 E2,Louis Perkins,Sanchez-Davis,895,MECH,Y1,S3,E2
BK811,978-0-254-69424-8,MECH Y1 S3 E3,Angela White,"Gentry, Wells and House",736,MECH,Y1,S3,E3
BK812,978-1-4587-2418-2,MECH Y1 S3 E4,David Love,Davis-Wilkinson,696,MECH,Y1,S3,E4
BK813,978-1-64361-633-9,MECH Y1 S4 E1,Christopher Perry,Thompson Group,886,MECH,Y1,S4,E1
BK814,978-1-5374-6198-4,MECH Y1 S4 E2,Robert Holland,"Martinez, Mercado and Woods",938,MECH,Y1,S4,E2
BK815,978-0-7692-2225-7,MECH Y1 S4 E3,James Mcguire,"Mosley, Powell and Johnson",936,MECH,Y1,S4,E3
BK816,978-0-86175-513-4,MECH Y1 S4 E4,Jose Gonzalez,Mcguire Inc,988,MECH,Y1,S4,E4
BK817,978-0-12-474728-9,MECH Y1 S5 E1,Kathryn Hartman,Smith-Wagner,960,MECH,Y1,S5,E1
BK818,978-0-07-030137-5,MECH Y1 S5 E2,Jennifer Riley,"Payne, Forbes and Singleton",808,MECH,Y1,S5,E2
BK819,978-1-85355-287-8,MECH Y1 S5 E3,Stanley Green,Hawkins PLC,684,MECH,Y1,S5,E3
BK820,978-1-153-02558-4,MECH Y1 S5 E4,Elizabeth Thompson,Ramirez-Sims,736,MECH,Y1,S5,E4
BK821,978-1-334-63909-8,MECH Y1 S6 E1,Laura Bryant,Shaw PLC,895,MECH,Y1,S6,E1
BK822,978-1-266-29956-8,MECH Y1 S6 E2,Cheryl Wilson,Duncan LLC,612,MECH,Y1,S6,E2
BK823,978-0-7464-1162-9,MECH Y1 S6 E3,Garrett Huang,"Holland, Wolf and Marshall",587,MECH,Y1,S6,E3
BK824,978-0-467-98187-6,MECH Y1 S6 E4,Lauren Bradley,Johnson Group,515,MECH,Y1,S6,E4
BK825,978-1-968119-69-0,MECH Y1 S7 E1,Madison Price,Cooley-Baker,962,MECH,Y1,S7,E1
BK826,978-0-229-90329-0,MECH Y1 S7 E2,James Maxwell,"Ali, Garcia and Faulkner",931,MECH,Y1,S7,E2
BK827,978-1-961352-59-9,MECH Y1 S7 E3,Daniel Holmes,Robertson Inc,617,MECH,Y1,S7,E3
BK828,978-1-61168-888-7,MECH Y1 S7 E4,Thomas Aguilar,Parks Inc,654,MECH,Y1,S7,E4
BK829,978-1-4666-8596-3,MECH Y1 S8 E1,Michele Heath,Gaines-Humphrey,589,MECH,Y1,S8,E1
BK830,978-1-138-81175-1,MECH Y1 S8 E2,Megan Suarez,"Howell, Schultz and Allison",769,MECH,Y1,S8,E2
BK831,978-1-4381-7998-8,MECH Y1 S8 E3,Anthony Hampton,Powell-Fitzpatrick,501,MECH,Y1,S8,E3
BK832,978-1-188-60534-8,MECH Y1 S8 E4,Andrew Riley,"Roach, Hernandez and Meadows",606,MECH,Y1,S8,E4
BK833,978-0-17-720586-6,MECH Y1 S9 E1,Michael Robertson,"Jordan, Wilson and Bentley",786,MECH,Y1,S9,E1
BK834,978-1-254-45267-8,MECH Y1 S9 E2,Lisa Schmidt,Taylor-Wallace,906,MECH,Y1,S9,E2
BK835,978-1-4501-2086-9,MECH Y1 S9 E3,Angel Miller,Henderson-Williams,748,MECH,Y1,S9,E3
BK836,978-0-7879-0275-9,MECH Y1 S9 E4,Thomas Davis,"Young, Taylor and Jacobson",604,MECH,Y1,S9,E4
BK837,978-1-989787-26-7,MECH Y1 S10 E1,Christopher Fernandez,Baker-Ware,935,MECH,Y1,S10,E1
BK838,978-0-215-78592-3,MECH Y1 S10 E2,Karen Randall,Gregory-Harris,675,MECH,Y1,S10,E2
BK839,978-0-02-598566-7,MECH Y1 S10 E3,Willie Dorsey,Pearson-Casey,935,MECH,Y1,S10,E3
BK840,978-0-09-169162-2,MECH Y1 S10 E4,Rebecca Pittman,Perez-Wright,828,MECH,Y1,S10,E4
BK841,978-1-70595-936-7,MECH Y2 S1 E1,Michael Sanders,Davis-Velazquez,570,MECH,Y2,S1,E1
BK842,978-1-01-468392-2,MECH Y2 S1 E2,Nancy Larson,Cook Group,758,MECH,Y2,S1,E2
BK843,978-0-15-127786-5,MECH Y2 S1 E3,Frank Bartlett,"Allison, Bailey and Morales",611,MECH,Y2,S1,E3
BK844,978-1-83370-413-6,MECH Y2 S1 E4,Dillon Evans,"Mendoza, Mueller and Fischer",954,MECH,Y2,S1,E4
BK845,978-1-59395-972-2,MECH Y2 S2 E1,Stacie Barron,Butler LLC,530,MECH,Y2,S2,E1
BK846,978-0-7409-3149-9,MECH Y2 S2 E2,Lisa Lopez,Santiago-Harrington,675,MECH,Y2,S2,E2
BK847,978-0-583-54981-3,MECH Y2 S2 E3,Madison Newton,Soto and Sons,558,MECH,Y2,S2,E3
BK848,978-1-5107-1093-1,MECH Y2 S2 E4,Robert Alvarez,"Shaw, Gamble and Ellis",604,MECH,Y2,S2,E4
BK849,978-0-472-68199-0,MECH Y2 S3 E1,Tina Nguyen,Brown and Sons,731,MECH,Y2,S3,E1
BK850,978-0-07-902169-4,MECH Y2 S3 E2,Jeremy Harrell,"Andersen, Stevens and Morris",715,MECH,Y2,S3,E2
BK851,978-0-468-69069-2,MECH Y2 S3 E3,Dustin Lee,"Johnson, Drake and Garrett",942,MECH,Y2,S3,E3
BK852,978-0-7830-6192-4,MECH Y2 S3 E4,Beth Jordan DVM,Schneider-Johnson,666,MECH,Y2,S3,E4
BK853,978-1-383-31774-9,MECH Y2 S4 E1,Terry Hill,Rodriguez-English,953,MECH,Y2,S4,E1
BK854,978-0-206-58309-5,MECH Y2 S4 E2,Christopher Vasquez,Kennedy and Sons,693,MECH,Y2,S4,E2
BK855,978-0-13-089791-6,MECH Y2 S4 E3,Julie Gordon,Martin PLC,806,MECH,Y2,S4,E3
BK856,978-0-225-94041-1,MECH Y2 S4 E4,Rita Anthony,"Griffith, Barron and Velasquez",979,MECH,Y2,S4,E4
BK857,978-0-06-713633-1,MECH Y2 S5 E1,Dustin Peterson,Berry PLC,686,MECH,Y2,S5,E1
BK858,978-0-7801-3017-3,MECH Y2 S5 E2,Patrick Estrada,"Massey, Bruce and Rodriguez",608,MECH,Y2,S5,E2
BK859,978-0-10-384347-6,MECH Y2 S5 E3,Christopher Ramirez,"Brown, Frey and Kim",670,MECH,Y2,S5,E3
BK860,978-0-359-51841-8,MECH Y2 S5 E4,Parker Grant,Rowland Inc,637,MECH,Y2,S5,E4
BK861,978-1-143-47466-8,MECH Y2 S6 E1,Joshua Grant,"Reed, Barber and Brown",560,MECH,Y2,S6,E1
BK862,978-0-474-72345-2,MECH Y2 S6 E2,James Phelps,"Smith, Hill and Guzman",893,MECH,Y2,S6,E2
BK863,978-0-02-850856-6,MECH Y2 S6 E3,Gavin Fowler,"Richardson, Wiley and Brown",513,MECH,Y2,S6,E3
BK864,978-0-85173-036-3,MECH Y2 S6 E4,Christine Weaver,"Murillo, Parker and Mitchell",832,MECH,Y2,S6,E4
BK865,978-1-282-38309-8,MECH Y2 S7 E1,Amanda Morales,Mack and Sons,549,MECH,Y2,S7,E1
BK866,978-0-917919-19-0,MECH Y2 S7 E2,Nathaniel George,Duncan-Morrison,901,MECH,Y2,S7,E2
BK867,978-0-949918-44-4,MECH Y2 S7 E3,Jerome Gomez,"Walton, Tyler and Richardson",705,MECH,Y2,S7,E3
BK868,978-0-531-89042-4,MECH Y2 S7 E4,Michael Lamb,Davis and Sons,615,MECH,Y2,S7,E4
BK869,978-0-8248-1223-2,MECH Y2 S8 E1,David Mccoy,Herring PLC,840,MECH,Y2,S8,E1
BK870,978-1-222-95879-9,MECH Y2 S8 E2,Linda Barajas,Rosario LLC,646,MECH,Y2,S8,E2
BK871,978-1-72405-967-3,MECH Y2 S8 E3,Michael Bradshaw,"Hunter, Bowers and Williamson",776,MECH,Y2,S8,E3
BK872,978-1-84661-241-1,MECH Y2 S8 E4,Barbara Fuller,Williams and Sons,741,MECH,Y2,S8,E4
BK873,978-1-57650-409-3,MECH Y2 S9 E1,William Walters,Garcia-Conrad,918,MECH,Y2,S9,E1
BK874,978-0-03-840969-3,MECH Y2 S9 E2,Jordan Stevenson,Smith PLC,641,MECH,Y2,S9,E2
BK875,978-1-69473-329-0,MECH Y2 S9 E3,Deborah Barry,Walker-Neal,981,MECH,Y2,S9,E3
BK876,978-1-940023-99-1,MECH Y2 S9 E4,Sarah Reed,"Richmond, Kline and Carter",784,MECH,Y2,S9,E4
BK877,978-1-4341-7026-2,MECH Y2 S10 E1,Elizabeth Martinez,"Gonzalez, Chapman and Kelly",585,MECH,Y2,S10,E1
BK878,978-0-448-34815-5,MECH Y2 S10 E2,Douglas Rowe,Bullock-Stewart,892,MECH,Y2,S10,E2
BK879,978-1-81130-789-2,MECH Y2 S10 E3,Charlotte Douglas,"Smith, Moore and Harris",828,MECH,Y2,S10,E3
BK880,978-0-04-128058-6,MECH Y2 S10 E4,Jeffrey Morgan,Lane-Griffith,571,MECH,Y2,S10,E4
BK881,978-0-466-19078-1,MECH Y3 S1 E1,Tracey Kemp,Guzman LLC,833,MECH,Y3,S1,E1
BK882,978-0-478-77033-9,MECH Y3 S1 E2,Jorge Foster,Miller PLC,947,MECH,Y3,S1,E2
BK883,978-0-07-517620-6,MECH Y3 S1 E3,Jason Andrews,"Johnson, Owens and Miller",855,MECH,Y3,S1,E3
BK884,978-0-8413-0054-5,MECH Y3 S1 E4,Hector Pearson,Carroll and Sons,619,MECH,Y3,S1,E4
BK885,978-1-08-689322-9,MECH Y3 S2 E1,Keith White,"Crawford, Jimenez and Williams",885,MECH,Y3,S2,E1
BK886,978-1-192-58153-9,MECH Y3 S2 E2,Lisa Williams,Sandoval LLC,526,MECH,Y3,S2,E2
BK887,978-0-11-234987-7,MECH Y3 S2 E3,Keith Cantrell,"Carter, Holden and James",779,MECH,Y3,S2,E3
BK888,978-1-300-52212-6,MECH Y3 S2 E4,Lauren Kent,"Lucas, Hamilton and Martinez",678,MECH,Y3,S2,E4
BK889,978-1-4636-8545-4,MECH Y3 S3 E1,Andrea Martinez,Wright-Washington,950,MECH,Y3,S3,E1
BK890,978-0-307-57062-8,MECH Y3 S3 E2,Roger Gutierrez,"Hall, Love and Newman",873,MECH,Y3,S3,E2
BK891,978-0-9687866-7-3,MECH Y3 S3 E3,Brittany Solis,Miller PLC,911,MECH,Y3,S3,E3
BK892,978-1-05-829911-0,MECH Y3 S3 E4,Jose Beasley,"Smith, White and Torres",928,MECH,Y3,S3,E4
BK893,978-0-7860-5259-2,MECH Y3 S4 E1,Mr. Joshua Rodriguez,Lopez and Sons,667,MECH,Y3,S4,E1
BK894,978-0-280-35541-0,MECH Y3 S4 E2,William Eaton,Webb-Giles,777,MECH,Y3,S4,E2
BK895,978-0-85488-450-6,MECH Y3 S4 E3,Kenneth Durham,"Stone, Todd and Williams",686,MECH,Y3,S4,E3
BK896,978-0-08-828995-5,MECH Y3 S4 E4,Kimberly Wright,Maldonado-Sanchez,512,MECH,Y3,S4,E4
BK897,978-0-947841-08-9,MECH Y3 S5 E1,Lucas Walker,Zamora-Chang,758,MECH,Y3,S5,E1
BK898,978-1-59552-835-3,MECH Y3 S5 E2,Maurice Smith,Martin PLC,675,MECH,Y3,S5,E2
BK899,978-1-137-13979-5,MECH Y3 S5 E3,Michael Duran,"Gordon, Serrano and Jones",984,MECH,Y3,S5,E3
BK900,978-1-308-09447-2,MECH Y3 S5 E4,Eric Chan,Ryan PLC,697,MECH,Y3,S5,E4
BK901,978-1-5090-6619-3,MECH Y3 S6 E1,Larry Larson,"Bowen, Wheeler and Schmitt",772,MECH,Y3,S6,E1
BK902,978-1-9730-0071-6,MECH Y3 S6 E2,Robin Vaughan,Taylor-Sanchez,978,MECH,Y3,S6,E2
BK903,978-1-111-63863-4,MECH Y3 S6 E3,Daniel Acosta,"Alexander, Oneill and Hall",761,MECH,Y3,S6,E3
BK904,978-1-7320501-9-8,MECH Y3 S6 E4,Dana Hall,"Butler, Williams and Powell",641,MECH,Y3,S6,E4
BK905,978-0-300-48351-2,MECH Y3 S7 E1,Nicole Stevens,Brown Group,737,MECH,Y3,S7,E1
BK906,978-0-87596-394-5,MECH Y3 S7 E2,Elizabeth Hebert,Pierce-Garcia,531,MECH,Y3,S7,E2
BK907,978-1-874771-31-9,MECH Y3 S7 E3,Cory Garza,"Robinson, Diaz and Robinson",572,MECH,Y3,S7,E3
BK908,978-1-244-24111-4,MECH Y3 S7 E4,Elizabeth Bowman,Morris PLC,896,MECH,Y3,S7,E4
BK909,978-0-9869326-9-4,MECH Y3 S8 E1,Joseph Wallace,Valenzuela PLC,728,MECH,Y3,S8,E1
BK910,978-0-7069-7143-9,MECH Y3 S8 E2,John Foster,Knight Inc,619,MECH,Y3,S8,E2
BK911,978-1-4823-8950-0,MECH Y3 S8 E3,Philip Carpenter,"Wilson, Williams and Duran",856,MECH,Y3,S8,E3
BK912,978-0-18-843488-0,MECH Y3 S8 E4,Jennifer Berger,Simpson-Hartman,909,MECH,Y3,S8,E4
BK913,978-1-220-11440-1,MECH Y3 S9 E1,Christopher Edwards,Harris-Santiago,684,MECH,Y3,S9,E1
BK914,978-1-187-74148-1,MECH Y3 S9 E2,Heather Collins,Morales-Gordon,525,MECH,Y3,S9,E2
BK915,978-0-7572-7609-5,MECH Y3 S9 E3,Kimberly Pham,"Bush, Aguilar and Salas",670,MECH,Y3,S9,E3
BK916,978-1-63526-665-8,MECH Y3 S9 E4,Dawn White,Sutton-Powers,585,MECH,Y3,S9,E4
BK917,978-1-4580-5599-6,MECH Y3 S10 E1,Amber Brown,Davis Group,595,MECH,Y3,S10,E1
BK918,978-0-9664463-3-3,MECH Y3 S10 E2,Shari Warner,"Martinez, Foley and Atkinson",518,MECH,Y3,S10,E2
BK919,978-0-15-277698-5,MECH Y3 S10 E3,Mr. Gerald Wright Jr.,"Thompson, Davis and Acosta",650,MECH,Y3,S10,E3
BK920,978-1-5221-0490-2,MECH Y3 S10 E4,David Paul,"Griffin, Whitaker and Spencer",742,MECH,Y3,S10,E4
BK921,978-1-08-359187-6,MECH Y4 S1 E1,Patty Murphy,Parks-Osborn,674,MECH,Y4,S1,E1
BK922,978-0-220-91064-8,MECH Y4 S1 E2,Christopher Deleon,Price-David,899,MECH,Y4,S1,E2
BK923,978-1-128-37741-0,MECH Y4 S1 E3,Scott Tucker,"Duncan, Houston and Burke",842,MECH,Y4,S1,E3
BK924,978-0-487-69804-4,MECH Y4 S1 E4,William Schneider,"Johnston, Gibbs and Smith",686,MECH,Y4,S1,E4
BK925,978-0-206-03890-8,MECH Y4 S2 E1,Jessica Cole,Aguilar Ltd,520,MECH,Y4,S2,E1
BK926,978-1-70486-677-2,MECH Y4 S2 E2,Rachel Mann,Ellis-Reese,888,MECH,Y4,S2,E2
BK927,978-1-396-11154-9,MECH Y4 S2 E3,Nicole Schmidt,Thornton Group,950,MECH,Y4,S2,E3
BK928,978-1-4058-0295-6,MECH Y4 S2 E4,Tracy Smith,Hernandez Ltd,959,MECH,Y4,S2,E4
BK929,978-0-02-751480-3,MECH Y4 S3 E1,Earl Gilbert,"Ayala, Smith and Reyes",923,MECH,Y4,S3,E1
BK930,978-0-527-02298-3,MECH Y4 S3 E2,Daniel Sanders,Lee-Williams,774,MECH,Y4,S3,E2
BK931,978-0-256-40643-6,MECH Y4 S3 E3,Michelle Padilla,Pena PLC,904,MECH,Y4,S3,E3
BK932,978-0-590-43450-8,MECH Y4 S3 E4,Natalie Johnson,"Russell, Ortiz and Aguirre",604,MECH,Y4,S3,E4
BK933,978-0-04-055121-2,MECH Y4 S4 E1,Robin Woodard,Salazar Inc,546,MECH,Y4,S4,E1
BK934,978-0-04-478437-1,MECH Y4 S4 E2,Gary Lee,Nielsen LLC,902,MECH,Y4,S4,E2
BK935,978-0-676-74170-4,MECH Y4 S4 E3,Mark Garcia,Reid-Rodriguez,780,MECH,Y4,S4,E3
BK936,978-1-01-989168-1,MECH Y4 S4 E4,Diane Farrell,Orr Ltd,893,MECH,Y4,S4,E4
BK937,978-0-453-93500-5,MECH Y4 S5 E1,Joel Mullins,Peterson Ltd,959,MECH,Y4,S5,E1
BK938,978-1-212-85283-0,MECH Y4 S5 E2,Robert Mercado,Alvarado and Sons,908,MECH,Y4,S5,E2
BK939,978-0-668-88927-8,MECH Y4 S5 E3,Jeff Ross,Young-Flowers,805,MECH,Y4,S5,E3
BK940,978-0-564-29452-7,MECH Y4 S5 E4,Jeffrey Allen,"Sanchez, Bell and Stephens",643,MECH,Y4,S5,E4
BK941,978-0-01-907355-4,MECH Y4 S6 E1,Evelyn Thompson,Watts Inc,947,MECH,Y4,S6,E1
BK942,978-1-76857-326-5,MECH Y4 S6 E2,Elizabeth Fuller,"Higgins, Maddox and Hickman",628,MECH,Y4,S6,E2
BK943,978-1-62199-830-3,MECH Y4 S6 E3,Nathaniel Lewis,Tran-Freeman,750,MECH,Y4,S6,E3
BK944,978-0-454-06335-6,MECH Y4 S6 E4,Stephanie Woods,Ford Inc,579,MECH,Y4,S6,E4
BK945,978-0-268-61994-7,MECH Y4 S7 E1,Samantha Stevens,Lee Group,502,MECH,Y4,S7,E1
BK946,978-1-375-60666-0,MECH Y4 S7 E2,Jill Henry,Long-Rodriguez,789,MECH,Y4,S7,E2
BK947,978-0-86861-754-1,MECH Y4 S7 E3,Henry Walters PhD,King-Hill,851,MECH,Y4,S7,E3
BK948,978-0-610-64087-2,MECH Y4 S7 E4,Jesus Delgado,Adams-Perkins,906,MECH,Y4,S7,E4
BK949,978-0-11-715743-9,MECH Y4 S8 E1,Michael Park,"Thompson, Rush and Miller",737,MECH,Y4,S8,E1
BK950,978-0-384-20694-6,MECH Y4 S8 E2,Judy Allen,Reynolds-Carter,922,MECH,Y4,S8,E2
BK951,978-1-5072-0834-2,MECH Y4 S8 E3,Brittany Vincent,"Stone, Garcia and Clark",669,MECH,Y4,S8,E3
BK952,978-1-988908-13-7,MECH Y4 S8 E4,Michael Phelps,Hernandez-Miller,503,MECH,Y4,S8,E4
BK953,978-0-7029-1908-4,MECH Y4 S9 E1,Anna Smith,"Williams, Jordan and Aguilar",830,MECH,Y4,S9,E1
BK954,978-1-202-44390-1,MECH Y4 S9 E2,William Brown,Obrien-Hobbs,692,MECH,Y4,S9,E2
BK955,978-1-7347875-3-5,MECH Y4 S9 E3,Adam Morales,Martin Group,602,MECH,Y4,S9,E3
BK956,978-1-01-904647-0,MECH Y4 S9 E4,Greg Bass,Mitchell-Wells,558,MECH,Y4,S9,E4
BK957,978-0-03-202790-9,MECH Y4 S10 E1,Christopher Nguyen,"Perez, Taylor and White",651,MECH,Y4,S10,E1
BK958,978-0-387-15779-5,MECH Y4 S10 E2,Robert Rhodes,Salinas-Moreno,801,MECH,Y4,S10,E2
BK959,978-1-5009-5765-0,MECH Y4 S10 E3,Matthew Glenn,"King, Rowe and Martin",818,MECH,Y4,S10,E3
BK960,978-1-274-61034-8,MECH Y4 S10 E4,Nicholas Smith,Smith-Vazquez,732,MECH,Y4,S10,E4
BK023,978-0-506-66342-8,CSE Y1 S6 E3,Lisa Ross,Garcia-Parker,880,CSE,Y1,S6,E3
BK040,978-0-490-41501-0,CSE Y1 S10 E4,Jacob Hood,"Boyer, Kelly and Kelley",743,CSE,Y1,S10,E4
BK050,978-0-16-183565-9,CSE Y2 S3 E2,Jean Rivas,"Acosta, Bailey and Nelson",981,CSE,Y2,S3,E2
BK056,978-1-4767-6023-0,CSE Y2 S4 E4,Dr. Justin Williams Jr.,"Nichols, Robles and Weiss",946,CSE,Y2,S4,E4
BK072,978-0-7154-2100-0,CSE Y2 S8 E4,Scott Nelson,"Sellers, Singleton and Terry",768,CSE,Y2,S8,E4
BK089,978-0-268-06463-1,CSE Y3 S3 E1,Katelyn Gonzales,"Green, Riley and Smith",1000,CSE,Y3,S3,E1
BK102,978-1-68676-392-2,CSE Y3 S6 E2,Michelle Garrison,Edwards Ltd,666,CSE,Y3,S6,E2
BK103,978-0-259-50983-7,CSE Y3 S6 E3,Michael Goodman,Morgan LLC,546,CSE,Y3,S6,E3
BK112,978-1-78127-192-6,CSE Y3 S8 E4,Michael Sanders,Harrison LLC,533,CSE,Y3,S8,E4
BK114,978-0-7648-2943-7,CSE Y3 S9 E2,Holly Bradshaw,"Mullins, Gomez and Kennedy",539,CSE,Y3,S9,E2
BK127,978-1-56168-495-3,CSE Y4 S2 E3,Sarah Brown,"Wells, Brown and Wright",759,CSE,Y4,S2,E3
BK128,978-1-60779-409-7,CSE Y4 S2 E4,Teresa Lopez,"Ramirez, Pena and Jones",989,CSE,Y4,S2,E4
BK155,978-0-481-57416-0,CSE Y4 S9 E3,Robert Mcneil,"Wiggins, Burch and Gonzalez",640,CSE,Y4,S9,E3
BK156,978-1-04-807418-5,CSE Y4 S9 E4,Jacob Solis III,Anderson PLC,862,CSE,Y4,S9,E4
BK201,978-1-04-828876-6,CIVIL Y2 S1 E1,Scott Parrish,Oliver Inc,580,CIVIL,Y2,S1,E1
BK209,978-1-01-772058-7,CIVIL Y2 S3 E1,Thomas Sharp,Stephens-Ferguson,805,CIVIL,Y2,S3,E1
BK023,978-0-506-66342-8,CSE Y1 S6 E3,Lisa Ross,Garcia-Parker,880,CSE,Y1,S6,E3
BK040,978-0-490-41501-0,CSE Y1 S10 E4,Jacob Hood,"Boyer, Kelly and Kelley",743,CSE,Y1,S10,E4
BK050,978-0-16-183565-9,CSE Y2 S3 E2,Jean Rivas,"Acosta, Bailey and Nelson",981,CSE,Y2,S3,E2
BK056,978-1-4767-6023-0,CSE Y2 S4 E4,Dr. Justin Williams Jr.,"Nichols, Robles and Weiss",946,CSE,Y2,S4,E4
BK072,978-0-7154-2100-0,CSE Y2 S8 E4,Scott Nelson,"Sellers, Singleton and Terry",768,CSE,Y2,S8,E4
BK089,978-0-268-06463-1,CSE Y3 S3 E1,Katelyn Gonzales,"Green, Riley and Smith",1000,CSE,Y3,S3,E1
BK102,978-1-68676-392-2,CSE Y3 S6 E2,Michelle Garrison,Edwards Ltd,666,CSE,Y3,S6,E2
BK103,978-0-259-50983-7,CSE Y3 S6 E3,Michael Goodman,Morgan LLC,546,CSE,Y3,S6,E3
BK112,978-1-78127-192-6,CSE Y3 S8 E4,Michael Sanders,Harrison LLC,533,CSE,Y3,S8,E4
BK114,978-0-7648-2943-7,CSE Y3 S9 E2,Holly Bradshaw,"Mullins, Gomez and Kennedy",539,CSE,Y3,S9,E2
BK127,978-1-56168-495-3,CSE Y4 S2 E3,Sarah Brown,"Wells, Brown and Wright",759,CSE,Y4,S2,E3
BK128,978-1-60779-409-7,CSE Y4 S2 E4,Teresa Lopez,"Ramirez, Pena and Jones",989,CSE,Y4,S2,E4
BK155,978-0-481-57416-0,CSE Y4 S9 E3,Robert Mcneil,"Wiggins, Burch and Gonzalez",640,CSE,Y4,S9,E3
BK156,978-1-04-807418-5,CSE Y4 S9 E4,Jacob Solis III,Anderson PLC,862,CSE,Y4,S9,E4
BK201,978-1-04-828876-6,CIVIL Y2 S1 E1,Scott Parrish,Oliver Inc,580,CIVIL,Y2,S1,E1
BK209,978-1-01-772058-7,CIVIL Y2 S3 E1,Thomas Sharp,Stephens-Ferguson,805,CIVIL,Y2,S3,E1
